.DJI,02-DEC-1999,,End Of Day,,10995.02,11070.72,10988.6,11039.07,132556500,,,Verified
.DJI,03-DEC-1999,,End Of Day,,11046.1,11341.23,11045.79,11286.18,,,,Verified
.DJI,04-DEC-1999,,End Of Day,No Trades,,,,,,,,Verified
.DJI,05-DEC-1999,,End Of Day,No Trades,,,,,,,,Verified
.DJI,06-DEC-1999,,End Of Day,,11286.79,11297.8,11193.51,11225.02,134762000,,,Verified
.DJI,07-DEC-1999,,End Of Day,,11221.65,11253.45,11106.65,11106.66,169039400,,,Verified
.DJI,08-DEC-1999,,End Of Day,,11107.26,11171.79,11068.12,11068.12,,,,Verified
.DJI,09-DEC-1999,,End Of Day,,11073.62,11204.21,11054.66,11134.79,,,,Verified
.DJI,10-DEC-1999,,End Of Day,,11137.85,11274.55,11118.27,11224.71,170108800,,,Verified
.DJI,11-DEC-1999,,End Of Day,No Trades,,,,,,,,Verified
.DJI,12-DEC-1999,,End Of Day,No Trades,,,,,,,,Verified
.DJI,13-DEC-1999,,End Of Day,,11217.46,11250.39,11162.31,11192.6,149859000,,,Verified
.DJI,14-DEC-1999,,End Of Day,,11195.34,11235.71,11143.05,11160.18,200621500,,,Verified
.DJI,15-DEC-1999,,End Of Day,,11158.78,11282.2,11130.51,11225.32,,,,Verified
.DJI,16-DEC-1999,,End Of Day,,11224.4,11244.89,11124.39,11244.89,,,,Verified
.DJI,17-DEC-1999,,End Of Day,,11259.26,11383.74,11257.43,11257.43,,,,Verified
.DJI,18-DEC-1999,,End Of Day,No Trades,,,,,,,,Verified
.DJI,19-DEC-1999,,End Of Day,No Trades,,,,,,,,Verified
.DJI,20-DEC-1999,,End Of Day,,11254.5,11310.03,11110.93,11144.28,131093200,,,Verified
.DJI,21-DEC-1999,,End Of Day,,11142.43,11237.85,11098.01,11200.55,141378100,,,Verified
AA.N,02-DEC-1999,,End Of Day,,67.25,70.75,67.1875,70.0625,2552900,,,Verified
AA.N,03-DEC-1999,,End Of Day,,70.625,71.25,69.875,71.25,3680300,,,Verified
AA.N,04-DEC-1999,,End Of Day,No Trades,,,,,,,,Verified
AA.N,05-DEC-1999,,End Of Day,No Trades,,,,,,,,Verified
AA.N,06-DEC-1999,,End Of Day,,71.625,73.5,71.5625,71.625,2121100,,,Verified
AA.N,07-DEC-1999,,End Of Day,,71.5,73.4375,71.1875,72.8125,1587400,,,Verified
AA.N,08-DEC-1999,,End Of Day,,72.75,72.75,71.375,72.25,1807200,,,Verified
AA.N,09-DEC-1999,,End Of Day,,72.125,73.5,71.875,73.375,1923800,,,Verified
AA.N,10-DEC-1999,,End Of Day,,74,76.875,73.75,75.875,2701700,,,Verified
AA.N,11-DEC-1999,,End Of Day,No Trades,,,,,,,,Verified
AA.N,12-DEC-1999,,End Of Day,No Trades,,,,,,,,Verified
AA.N,13-DEC-1999,,End Of Day,,74.875,76.5,74.875,75.75,1947500,,,Verified
AA.N,14-DEC-1999,,End Of Day,,75.375,77.0625,74.3125,74.6875,2683800,,,Verified
AA.N,15-DEC-1999,,End Of Day,,74.6875,79.0625,74.5,78.875,2803300,,,Verified
AA.N,16-DEC-1999,,End Of Day,,78.75,78.75,75.75,76.5,2352500,,,Verified
AA.N,17-DEC-1999,,End Of Day,,77.625,80.875,77.625,78.0625,3885700,,,Verified
AA.N,18-DEC-1999,,End Of Day,No Trades,,,,,,,,Verified
AA.N,19-DEC-1999,,End Of Day,No Trades,,,,,,,,Verified
AA.N,20-DEC-1999,,End Of Day,,78.0625,78.0625,75.8125,76.4375,1333500,,,Verified
AA.N,21-DEC-1999,,End Of Day,,75.75,76.875,75.4375,76.0625,1008500,,,Verified
EK.N,02-DEC-1999,,End Of Day,,62.5,62.625,61.0625,61.4375,1150000,,,Verified
EK.N,03-DEC-1999,,End Of Day,,61.4375,62,60.0625,60.25,1716600,,,Verified
EK.N,04-DEC-1999,,End Of Day,No Trades,,,,,,,,Verified
EK.N,05-DEC-1999,,End Of Day,No Trades,,,,,,,,Verified
EK.N,06-DEC-1999,,End Of Day,,61,62.25,60.8125,61.3125,1006900,,,Verified
EK.N,07-DEC-1999,,End Of Day,,62,62.1875,61.375,61.375,1126000,,,Verified
EK.N,08-DEC-1999,,End Of Day,,61.625,62.5,60.375,60.5,1287400,,,Verified
EK.N,09-DEC-1999,,End Of Day,,61.4375,62.1875,60.25,61,1240900,,,Verified
EK.N,10-DEC-1999,,End Of Day,,60.625,61.75,60.5625,61.25,1130000,,,Verified
EK.N,11-DEC-1999,,End Of Day,No Trades,,,,,,,,Verified
EK.N,12-DEC-1999,,End Of Day,No Trades,,,,,,,,Verified
EK.N,13-DEC-1999,,End Of Day,,61.25,61.75,61.0625,61.0625,1007000,,,Verified
EK.N,14-DEC-1999,,End Of Day,,61,61.3125,60.3125,60.75,979500,,,Verified
EK.N,15-DEC-1999,,End Of Day,,60.875,61.6875,60.25,60.3125,1297100,,,Verified
EK.N,16-DEC-1999,,End Of Day,,60.875,60.9375,59.3125,59.9375,1357900,,,Verified
EK.N,17-DEC-1999,,End Of Day,,60.625,61.5625,60.25,60.9375,2650500,,,Verified
EK.N,18-DEC-1999,,End Of Day,No Trades,,,,,,,,Verified
EK.N,19-DEC-1999,,End Of Day,No Trades,,,,,,,,Verified
EK.N,20-DEC-1999,,End Of Day,,61.0625,61.125,59.5625,59.8125,1239800,,,Verified
EK.N,21-DEC-1999,,End Of Day,,59.5,59.5,56.625,57.5,2612100,,,Verified
EKDKQ.PK,20-JAN-2012,,End Of Day,,0.316,0.3825,0.3081,0.313,65771712,,,Verified
EKDKQ.PK,21-JAN-2012,,End Of Day,No Trades,,,,,,,,Verified
EKDKQ.PK,22-JAN-2012,,End Of Day,No Trades,,,,,,,,Verified
EKDKQ.PK,23-JAN-2012,,End Of Day,,0.326,0.363,0.2901,0.348,33710482,,,Verified
EKDKQ.PK,24-JAN-2012,,End Of Day,,0.349,0.3745,0.3225,0.357,14757770,,,Verified
EKDKQ.PK,25-JAN-2012,,End Of Day,,0.3571,0.3683,0.3385,0.356,9291266,,,Verified
EKDKQ.PK,26-JAN-2012,,End Of Day,,0.356,0.36,0.33,0.34,8290896,,,Verified
EKDKQ.PK,27-JAN-2012,,End Of Day,,0.352,0.3569,0.3205,0.321,11901410,,,Verified
EKDKQ.PK,28-JAN-2012,,End Of Day,No Trades,,,,,,,,Verified
EKDKQ.PK,29-JAN-2012,,End Of Day,No Trades,,,,,,,,Verified
EKDKQ.PK,30-JAN-2012,,End Of Day,,0.324,0.3586,0.324,0.351,11291071,,,Verified
EKDKQ.PK,31-JAN-2012,,End Of Day,,0.357,0.366,0.34,0.361,7928049,,,Verified
EKDKQ.PK,01-FEB-2012,,End Of Day,,0.365,0.395,0.36,0.39,12432426,,,Verified
EKDKQ.PK,02-FEB-2012,,End Of Day,,0.3945,0.42,0.381,0.41,12464705,,,Verified
EKDKQ.PK,03-FEB-2012,,End Of Day,,0.4174,0.519,0.415,0.4915,27466268,,,Verified
EKDKQ.PK,04-FEB-2012,,End Of Day,No Trades,,,,,,,,Verified
EKDKQ.PK,05-FEB-2012,,End Of Day,No Trades,,,,,,,,Verified
EKDKQ.PK,06-FEB-2012,,End Of Day,,0.504,0.534,0.495,0.5289,15820025,,,Verified
EKDKQ.PK,07-FEB-2012,,End Of Day,,0.5295,0.532,0.4135,0.43,14911645,,,Verified
EKDKQ.PK,08-FEB-2012,,End Of Day,,0.418,0.425,0.38,0.425,10123850,,,Verified
JNJ.N,02-DEC-1999,,End Of Day,,101.1875,101.3125,99,99.9375,2627900,,,Verified
JNJ.N,03-DEC-1999,,End Of Day,,99,99.4375,96.125,96.625,5352300,,,Verified
JNJ.N,04-DEC-1999,,End Of Day,No Trades,,,,,,,,Verified
JNJ.N,05-DEC-1999,,End Of Day,No Trades,,,,,,,,Verified
JNJ.N,06-DEC-1999,,End Of Day,,96,97.9375,95.5625,96.5,2835200,,,Verified
JNJ.N,07-DEC-1999,,End Of Day,,96.9375,97.1875,93.0625,93.0625,4624200,,,Verified
JNJ.N,08-DEC-1999,,End Of Day,,92.8125,93.3125,90.25,90.375,3998000,,,Verified
JNJ.N,09-DEC-1999,,End Of Day,,92,94.625,91.75,93.625,3687900,,,Verified
JNJ.N,10-DEC-1999,,End Of Day,,95,95.125,93.25,94.125,2452600,,,Verified
JNJ.N,11-DEC-1999,,End Of Day,No Trades,,,,,,,,Verified
JNJ.N,12-DEC-1999,,End Of Day,No Trades,,,,,,,,Verified
JNJ.N,13-DEC-1999,,End Of Day,,94.625,94.8125,92.0625,92.0625,2247300,,,Verified
JNJ.N,14-DEC-1999,,End Of Day,,92.25,95.6875,92,94.1875,2460400,,,Verified
JNJ.N,15-DEC-1999,,End Of Day,,94.125,95.1875,93.5,94.875,2597200,,,Verified
JNJ.N,16-DEC-1999,,End Of Day,,95.6875,95.75,93.4375,94.625,2868900,,,Verified
JNJ.N,17-DEC-1999,,End Of Day,,95.0625,95.375,92.5,94.875,6731100,,,Verified
JNJ.N,18-DEC-1999,,End Of Day,No Trades,,,,,,,,Verified
JNJ.N,19-DEC-1999,,End Of Day,No Trades,,,,,,,,Verified
JNJ.N,20-DEC-1999,,End Of Day,,93.9375,94,90.5,91.875,2659000,,,Verified
JNJ.N,21-DEC-1999,,End Of Day,,91.625,91.6875,90.125,91,2486400,,,Verified
MSFT.O,02-DEC-1999,,End Of Day,,93.0625,95.25,92.875,94.8125,27736900,,,Verified
MSFT.O,03-DEC-1999,,End Of Day,,95.8125,97.125,95.73438,96.125,32050300,,,Verified
MSFT.O,04-DEC-1999,,End Of Day,No Trades,,,,,,,,Verified
MSFT.O,05-DEC-1999,,End Of Day,No Trades,,,,,,,,Verified
MSFT.O,06-DEC-1999,,End Of Day,,95.25,97.1875,94.75,95.4375,24549100,,,Verified
MSFT.O,07-DEC-1999,,End Of Day,,94.75,94.875,92.875,93,28429600,,,Verified
MSFT.O,08-DEC-1999,,End Of Day,,93.125,94.3125,91.6875,91.75,20477900,,,Verified
MSFT.O,09-DEC-1999,,End Of Day,,92,93.3125,91.4375,92.75,23129100,,,Verified
MSFT.O,10-DEC-1999,,End Of Day,,93.375,94.125,92.25,93.875,18418000,,,Verified
MSFT.O,11-DEC-1999,,End Of Day,No Trades,,,,,,,,Verified
MSFT.O,12-DEC-1999,,End Of Day,No Trades,,,,,,,,Verified
MSFT.O,13-DEC-1999,,End Of Day,,93.60938,96.9375,92.75,96.625,26345800,,,Verified
MSFT.O,14-DEC-1999,,End Of Day,,96.1875,101.125,95.3125,98.6875,72060600,,,Verified
MSFT.O,15-DEC-1999,,End Of Day,,98.5625,108.75,98.5,108.4375,77785800,,,Verified
MSFT.O,16-DEC-1999,,End Of Day,,109.25,115,108.9375,113.6875,64329800,,,Verified
MSFT.O,17-DEC-1999,,End Of Day,,116.625,117.125,113.625,115.25,52949400,,,Verified
MSFT.O,18-DEC-1999,,End Of Day,No Trades,,,,,,,,Verified
MSFT.O,19-DEC-1999,,End Of Day,No Trades,,,,,,,,Verified
MSFT.O,20-DEC-1999,,End Of Day,,114.8125,115,111.1875,112.75,19716900,,,Verified
MSFT.O,21-DEC-1999,,End Of Day,,112.375,116.625,110.625,115.875,28723000,,,Verified
MSFT.OQ,02-NOV-2001,,End Of Day,,61.93,63.021,60.51,61.4,41684400,,,Verified
MSFT.OQ,03-NOV-2001,,End Of Day,No Trades,,,,,,,,Verified
MSFT.OQ,04-NOV-2001,,End Of Day,No Trades,,,,,,,,Verified
MSFT.OQ,05-NOV-2001,,End Of Day,,61.86,64.03,61.75,63.27,33183700,,,Verified
MSFT.OQ,06-NOV-2001,,End Of Day,,62.7,64.94,62.16,64.78,34310500,,,Verified
MSFT.OQ,07-NOV-2001,,End Of Day,,64.22,65.05,64.03,64.25,29455100,,,Verified
MSFT.OQ,08-NOV-2001,,End Of Day,,64.46,66.06,63.66,64.42,37119900,,,Verified
MSFT.OQ,09-NOV-2001,,End Of Day,,64.34,65.65,63.91,65.21,24008600,,,Verified
MSFT.OQ,10-NOV-2001,,End Of Day,No Trades,,,,,,,,Verified
MSFT.OQ,11-NOV-2001,,End Of Day,No Trades,,,,,,,,Verified
MSFT.OQ,12-NOV-2001,,End Of Day,,64.7,66.44,63.65,65.79,28877400,,,Verified
MSFT.OQ,13-NOV-2001,,End Of Day,,66.8,67.95,66.6,67.9,30087700,,,Verified
MSFT.OQ,14-NOV-2001,,End Of Day,,68.23,68.34,65.79,65.95,44317300,,,Verified
MSFT.OQ,15-NOV-2001,,End Of Day,,66.1,67.05,65.45,66.12,38972200,,,Verified
MSFT.OQ,16-NOV-2001,,End Of Day,,66.36,66.619,64.95,65.75,29631300,,,Verified
MSFT.OQ,17-NOV-2001,,End Of Day,No Trades,,,,,,,,Verified
MSFT.OQ,18-NOV-2001,,End Of Day,No Trades,,,,,,,,Verified
MSFT.OQ,19-NOV-2001,,End Of Day,,66.25,66.97,65.705,66.54,28003800,,,Verified
MSFT.OQ,20-NOV-2001,,End Of Day,,66.45,67.8,65.03,65.4,32967400,,,Verified
MSFT.OQ,21-NOV-2001,,End Of Day,,64.36,64.6,63.489,64.05,25394100,,,Verified
ALD.N,07-JUN-2001,,End Of Day,,25.35,25.45,24.7,25.05,275500,,,Verified
ALD.N,08-JUN-2001,,End Of Day,,25.05,25.28,24.7,24.77,200100,,,Verified
ALD.N,09-JUN-2001,,End Of Day,No Trades,,,,,,,,Verified
ALD.N,10-JUN-2001,,End Of Day,No Trades,,,,,,,,Verified
ALD.N,11-JUN-2001,,End Of Day,,24.71,25.2,24.25,25.06,351000,,,Verified
ALD.N,12-JUN-2001,,End Of Day,,24.9,25.22,24.78,24.99,205700,,,Verified
ALD.N,13-JUN-2001,,End Of Day,,24.2,24.92,24.2,24.26,230700,,,Verified
ALD.N,14-JUN-2001,,End Of Day,,24.3,24.5,23.91,24,212500,,,Verified
ALD.N,15-JUN-2001,,End Of Day,,23.75,23.75,23.15,23.64,515400,,,Verified
ALD.N,16-JUN-2001,,End Of Day,No Trades,,,,,,,,Verified
ALD.N,17-JUN-2001,,End Of Day,No Trades,,,,,,,,Verified
ALD.N,18-JUN-2001,,End Of Day,,23.7,23.72,23.2,23.63,195100,,,Verified
ALD.N,19-JUN-2001,,End Of Day,,23.75,23.84,23,23.42,421200,,,Verified
ALD.N,20-JUN-2001,,End Of Day,,23.12,23.6,22.75,23.6,484500,,,Verified
ALD.N,21-JUN-2001,,End Of Day,,23.6,23.87,23.31,23.5,361200,,,Verified
ALD.N,22-JUN-2001,,End Of Day,,23.75,23.98,23.14,23.25,189100,,,Verified
ALD.N,23-JUN-2001,,End Of Day,No Trades,,,,,,,,Verified
ALD.N,24-JUN-2001,,End Of Day,No Trades,,,,,,,,Verified
ALD.N,25-JUN-2001,,End Of Day,,23.5,23.7,22.5,22.5,256500,,,Verified
ALD.N,26-JUN-2001,,End Of Day,,23,23.43,22.85,23.43,224000,,,Verified
HON.N,02-DEC-1999,,End Of Day,,61.4375,63,60.5625,60.5625,1234800,,,Verified
HON.N,03-DEC-1999,,End Of Day,,62.875,64,62,62.75,2319800,,,Verified
HON.N,04-DEC-1999,,End Of Day,No Trades,,,,,,,,Verified
HON.N,05-DEC-1999,,End Of Day,No Trades,,,,,,,,Verified
HON.N,06-DEC-1999,,End Of Day,,62,62.4375,59.75,61.6875,1832500,,,Verified
HON.N,07-DEC-1999,,End Of Day,,61.6875,62.1875,61,61.625,3978900,,,Verified
HON.N,08-DEC-1999,,End Of Day,,61.375,61.375,59.8125,60.0625,2780400,,,Verified
HON.N,09-DEC-1999,,End Of Day,,60.25,60.25,58.5625,58.625,2878700,,,Verified
HON.N,10-DEC-1999,,End Of Day,,58.625,59,57.75,58.125,2611900,,,Verified
HON.N,11-DEC-1999,,End Of Day,No Trades,,,,,,,,Verified
HON.N,12-DEC-1999,,End Of Day,No Trades,,,,,,,,Verified
HON.N,13-DEC-1999,,End Of Day,,58,59.4375,57.75,59.125,2176700,,,Verified
HON.N,14-DEC-1999,,End Of Day,,59,60.25,58.9375,59.875,2159100,,,Verified
HON.N,15-DEC-1999,,End Of Day,,60,61.375,60,60.375,1741400,,,Verified
HON.N,16-DEC-1999,,End Of Day,,60.25,62.5,59.5625,61.75,2141200,,,Verified
HON.N,17-DEC-1999,,End Of Day,,61.75,63.875,61.6875,63.75,4116500,,,Verified
HON.N,18-DEC-1999,,End Of Day,No Trades,,,,,,,,Verified
HON.N,19-DEC-1999,,End Of Day,No Trades,,,,,,,,Verified
HON.N,20-DEC-1999,,End Of Day,,63.625,63.625,56.5,56.5,7771000,,,Verified
HON.N,21-DEC-1999,,End Of Day,,56.625,57.75,54.875,56.6875,11181800,,,Verified
GE.N,02-DEC-1999,,End Of Day,,136.125,136.125,133.3125,134,3191300,,,Verified
GE.N,03-DEC-1999,,End Of Day,,135.6875,138.875,135.5625,136.25,4884000,,,Verified
GE.N,04-DEC-1999,,End Of Day,No Trades,,,,,,,,Verified
GE.N,05-DEC-1999,,End Of Day,No Trades,,,,,,,,Verified
GE.N,06-DEC-1999,,End Of Day,,136.3125,138.5625,136,137.5,2798800,,,Verified
GE.N,07-DEC-1999,,End Of Day,,138.5,139.875,136.5,138.375,4959000,,,Verified
GE.N,08-DEC-1999,,End Of Day,,138.5,143,138.5,143,5465300,,,Verified
GE.N,09-DEC-1999,,End Of Day,,144.25,144.9375,141.1875,142.4375,5632900,,,Verified
GE.N,10-DEC-1999,,End Of Day,,143.5625,147.875,143.5,147.4375,4533800,,,Verified
GE.N,11-DEC-1999,,End Of Day,No Trades,,,,,,,,Verified
GE.N,12-DEC-1999,,End Of Day,No Trades,,,,,,,,Verified
GE.N,13-DEC-1999,,End Of Day,,147.125,149.25,145.75,148,4635700,,,Verified
GE.N,14-DEC-1999,,End Of Day,,149,150.4375,147.875,149.875,6272300,,,Verified
GE.N,15-DEC-1999,,End Of Day,,149.875,150.375,144.0625,145.25,5281300,,,Verified
GE.N,16-DEC-1999,,End Of Day,,146.125,147.5,143.75,147.5,4882400,,,Verified
GE.N,17-DEC-1999,,End Of Day,,147.75,154.6875,147.625,151,16539800,,,Verified
GE.N,18-DEC-1999,,End Of Day,No Trades,,,,,,,,Verified
GE.N,19-DEC-1999,,End Of Day,No Trades,,,,,,,,Verified
GE.N,20-DEC-1999,,End Of Day,,153.25,154.1875,151.8125,153.6875,5718700,,,Verified
GE.N,21-DEC-1999,,End Of Day,,153.6875,157.9375,153.3125,157.8125,5075300,,,Verified
CMB.N,18-FEB-2003,,End Of Day,No Trades,,,,,,,,Verified
CMB.N,19-FEB-2003,,End Of Day,No Trades,,,,,,,,Verified
CMB.N,20-FEB-2003,,End Of Day,No Trades,,,,,,,,Verified
CMB.N,21-FEB-2003,,End Of Day,No Trades,,,,,,,,Verified
CMB.N,22-FEB-2003,,End Of Day,No Trades,,,,,,,,Verified
CMB.N,23-FEB-2003,,End Of Day,No Trades,,,,,,,,Verified
CMB.N,24-FEB-2003,,End Of Day,No Trades,,,,,,,,Verified
CMB.N,25-FEB-2003,,End Of Day,No Trades,,,,,,,,Verified
CMB.N,26-FEB-2003,,End Of Day,No Trades,,,,,,,,Verified
CMB.N,27-FEB-2003,,End Of Day,No Trades,,,,,,,,Verified
CMB.N,28-FEB-2003,,End Of Day,No Trades,,,,,,,,Verified
CMB.N,01-MAR-2003,,End Of Day,No Trades,,,,,,,,Verified
CMB.N,02-MAR-2003,,End Of Day,No Trades,,,,,,,,Verified
CMB.N,03-MAR-2003,,End Of Day,No Trades,,,,,,,,Verified
CMB.N,04-MAR-2003,,End Of Day,No Trades,,,,,,,,Verified
CMB.N,05-MAR-2003,,End Of Day,No Trades,,,,,,,,Verified
CMB.N,06-MAR-2003,,End Of Day,No Trades,,,,,,,,Verified
CMB.N,07-MAR-2003,,End Of Day,No Trades,,,,,,,,Verified
CMB.N,08-MAR-2003,,End Of Day,No Trades,,,,,,,,Verified
CMB.N,09-MAR-2003,,End Of Day,No Trades,,,,,,,,Verified
JPM.N,02-DEC-1999,,End Of Day,,78,79.25,76,79.0625,2895900,,,Verified
JPM.N,03-DEC-1999,,End Of Day,,80.9375,83.375,80.8125,82,3433000,,,Verified
JPM.N,04-DEC-1999,,End Of Day,No Trades,,,,,,,,Verified
JPM.N,05-DEC-1999,,End Of Day,No Trades,,,,,,,,Verified
JPM.N,06-DEC-1999,,End Of Day,,82,82,77.375,78.875,2989200,,,Verified
JPM.N,07-DEC-1999,,End Of Day,,78.5,79.1875,77.4375,78.8125,3464200,,,Verified
JPM.N,08-DEC-1999,,End Of Day,,78.375,78.625,76.875,77.625,2903800,,,Verified
JPM.N,09-DEC-1999,,End Of Day,,78,79.375,76.0625,77.6875,2740000,,,Verified
JPM.N,10-DEC-1999,,End Of Day,,79.625,79.625,78.125,78.5,2885200,,,Verified
JPM.N,11-DEC-1999,,End Of Day,No Trades,,,,,,,,Verified
JPM.N,12-DEC-1999,,End Of Day,No Trades,,,,,,,,Verified
JPM.N,13-DEC-1999,,End Of Day,,78.125,79.25,77.75,78.8125,1509700,,,Verified
JPM.N,14-DEC-1999,,End Of Day,,78.0625,78.0625,76.0625,76.625,1882500,,,Verified
JPM.N,15-DEC-1999,,End Of Day,,76.5625,77.375,74.75,75.1875,2701700,,,Verified
JPM.N,16-DEC-1999,,End Of Day,,76.1875,76.1875,73.8125,75.1875,2387100,,,Verified
JPM.N,17-DEC-1999,,End Of Day,,73.25,74.875,72.0625,72.4375,5929800,,,Verified
JPM.N,18-DEC-1999,,End Of Day,No Trades,,,,,,,,Verified
JPM.N,19-DEC-1999,,End Of Day,No Trades,,,,,,,,Verified
JPM.N,20-DEC-1999,,End Of Day,,73.375,73.9375,72.25,72.25,3483700,,,Verified
JPM.N,21-DEC-1999,,End Of Day,,72.375,76.5,72.125,75,4703600,,,Verified
PG.N,02-DEC-1999,,End Of Day,,112.25,112.9375,111.75,112.5,1656100,,,Verified
PG.N,03-DEC-1999,,End Of Day,,113,115.625,112.75,113.75,2790800,,,Verified
PG.N,04-DEC-1999,,End Of Day,No Trades,,,,,,,,Verified
PG.N,05-DEC-1999,,End Of Day,No Trades,,,,,,,,Verified
PG.N,06-DEC-1999,,End Of Day,,113.125,114.375,112.8125,113.25,1629900,,,Verified
PG.N,07-DEC-1999,,End Of Day,,113.4375,113.625,109.875,109.9375,1991200,,,Verified
PG.N,08-DEC-1999,,End Of Day,,110,111.3125,109.9375,110.6875,1150700,,,Verified
PG.N,09-DEC-1999,,End Of Day,,110.9375,110.9375,108.375,109.375,2027200,,,Verified
PG.N,10-DEC-1999,,End Of Day,,109.25,111.25,108.75,110.4375,1547500,,,Verified
PG.N,11-DEC-1999,,End Of Day,No Trades,,,,,,,,Verified
PG.N,12-DEC-1999,,End Of Day,No Trades,,,,,,,,Verified
PG.N,13-DEC-1999,,End Of Day,,110.4375,111.3125,108.6875,110.5625,982500,,,Verified
PG.N,14-DEC-1999,,End Of Day,,109,112,108.8125,111.5625,1313300,,,Verified
PG.N,15-DEC-1999,,End Of Day,,111.5625,114.8125,111.375,112.75,2115300,,,Verified
PG.N,16-DEC-1999,,End Of Day,,111.25,111.4375,108.5,109.875,1757000,,,Verified
PG.N,17-DEC-1999,,End Of Day,,109.9375,109.9375,106,106,4512100,,,Verified
PG.N,18-DEC-1999,,End Of Day,No Trades,,,,,,,,Verified
PG.N,19-DEC-1999,,End Of Day,No Trades,,,,,,,,Verified
PG.N,20-DEC-1999,,End Of Day,,106.5,109.1875,106.3125,106.4375,2068900,,,Verified
PG.N,21-DEC-1999,,End Of Day,,106.0625,106.5625,103.5,104.5,2389400,,,Verified
AXP_w.N,27-APR-2000,,End Of Day,No Trades,,,,,,,,Raw
AXP_w.N,28-APR-2000,,End Of Day,,51,52,50.25,50.25,2600,,,Raw
AXP_w.N,29-APR-2000,,End Of Day,No Trades,,,,,,,,Raw
AXP_w.N,30-APR-2000,,End Of Day,No Trades,,,,,,,,Raw
AXP_w.N,01-MAY-2000,,End Of Day,,50.5,50.5,50,50.25,2600,,,Raw
AXP_w.N,02-MAY-2000,,End Of Day,,50,50,49.5,49.5,1200,,,Raw
AXP_w.N,03-MAY-2000,,End Of Day,,49.5,49.5,47.5,48,900,,,Raw
AXP_w.N,04-MAY-2000,,End Of Day,,48.25,48.375,48.25,48.375,200,,,Raw
AXP_w.N,05-MAY-2000,,End Of Day,,48.5,49,47.75,48.875,1300,,,Raw
AXP_w.N,06-MAY-2000,,End Of Day,No Trades,,,,,,,,Raw
AXP_w.N,07-MAY-2000,,End Of Day,No Trades,,,,,,,,Raw
AXP_w.N,08-MAY-2000,,End Of Day,,49,50.375,48.875,50.375,3200,,,Raw
AXP_w.N,09-MAY-2000,,End Of Day,,50.375,51.125,49.5,49.5,2100,,,Raw
AXP_w.N,10-MAY-2000,,End Of Day,,49.75,49.875,48,48,2100,,,Raw
AXP_w.N,11-MAY-2000,,End Of Day,No Trades,,,,,,,,Raw
AXP_w.N,12-MAY-2000,,End Of Day,No Trades,,,,,,,,Raw
AXP_w.N,13-MAY-2000,,End Of Day,No Trades,,,,,,,,Raw
AXP_w.N,14-MAY-2000,,End Of Day,No Trades,,,,,,,,Raw
AXP_w.N,15-MAY-2000,,End Of Day,No Trades,,,,,,,,Raw
AXP_w.N,16-MAY-2000,,End Of Day,No Trades,,,,,,,,Raw
AXP.N,02-DEC-1999,,End Of Day,,154,154.75,152,153.625,1129900,,,Verified
AXP.N,03-DEC-1999,,End Of Day,,157,159.4375,156.25,157.25,1396400,,,Verified
AXP.N,04-DEC-1999,,End Of Day,No Trades,,,,,,,,Verified
AXP.N,05-DEC-1999,,End Of Day,No Trades,,,,,,,,Verified
AXP.N,06-DEC-1999,,End Of Day,,157,158.875,155.8125,158.75,1158800,,,Verified
AXP.N,07-DEC-1999,,End Of Day,,158.25,159.9375,156.3125,158.5,1658600,,,Verified
AXP.N,08-DEC-1999,,End Of Day,,158.5,160.375,157,158.25,1092700,,,Verified
AXP.N,09-DEC-1999,,End Of Day,,158.3125,162.75,158.3125,159.8125,1758700,,,Verified
AXP.N,10-DEC-1999,,End Of Day,,161.75,168.875,161.0625,168.4375,2146500,,,Verified
AXP.N,11-DEC-1999,,End Of Day,No Trades,,,,,,,,Verified
AXP.N,12-DEC-1999,,End Of Day,No Trades,,,,,,,,Verified
AXP.N,13-DEC-1999,,End Of Day,,168.375,168.375,164.75,166.3125,1630800,,,Verified
AXP.N,14-DEC-1999,,End Of Day,,163.5,164.3125,160.5,160.5,1519900,,,Verified
AXP.N,15-DEC-1999,,End Of Day,,160,161,158.125,158.1875,1443200,,,Verified
AXP.N,16-DEC-1999,,End Of Day,,157.1875,157.1875,151.625,153,2224200,,,Verified
AXP.N,17-DEC-1999,,End Of Day,,154.8125,156.1875,153.375,155.125,2606100,,,Verified
AXP.N,18-DEC-1999,,End Of Day,No Trades,,,,,,,,Verified
AXP.N,19-DEC-1999,,End Of Day,No Trades,,,,,,,,Verified
AXP.N,20-DEC-1999,,End Of Day,,156.5,157.5625,153.125,155.5625,1158200,,,Verified
AXP.N,21-DEC-1999,,End Of Day,,153.75,159.9375,152.75,158.375,1872900,,,Verified
GM.N,02-DEC-1999,,End Of Day,,72.5,73,71.25,72.125,2382400,,,Verified
GM.N,03-DEC-1999,,End Of Day,,73,76.75,73,75.8125,2997000,,,Verified
GM.N,04-DEC-1999,,End Of Day,No Trades,,,,,,,,Verified
GM.N,05-DEC-1999,,End Of Day,No Trades,,,,,,,,Verified
GM.N,06-DEC-1999,,End Of Day,,77,79,75.8125,76.25,3842100,,,Verified
GM.N,07-DEC-1999,,End Of Day,,74.75,75.75,72.625,72.625,2991900,,,Verified
GM.N,08-DEC-1999,,End Of Day,,72.6875,75,72.5,73.0625,2835500,,,Verified
GM.N,09-DEC-1999,,End Of Day,,73,73.1875,71.3125,72.6875,2850100,,,Verified
GM.N,10-DEC-1999,,End Of Day,,72.75,72.75,70.8125,72,3172600,,,Verified
GM.N,11-DEC-1999,,End Of Day,No Trades,,,,,,,,Verified
GM.N,12-DEC-1999,,End Of Day,No Trades,,,,,,,,Verified
GM.N,13-DEC-1999,,End Of Day,,72.25,72.25,71.0625,71.125,1858700,,,Verified
GM.N,14-DEC-1999,,End Of Day,,71.1875,71.25,70,70.375,2167200,,,Verified
GM.N,15-DEC-1999,,End Of Day,,69.75,71.75,69.75,71.25,2061800,,,Verified
GM.N,16-DEC-1999,,End Of Day,,71.9375,73.4375,71.9375,72.5,1699400,,,Verified
GM.N,17-DEC-1999,,End Of Day,,72.5625,72.9375,69.9375,71,3731600,,,Verified
GM.N,18-DEC-1999,,End Of Day,No Trades,,,,,,,,Verified
GM.N,19-DEC-1999,,End Of Day,No Trades,,,,,,,,Verified
GM.N,20-DEC-1999,,End Of Day,,71,74.4375,70.625,72.75,1884800,,,Verified
GM.N,21-DEC-1999,,End Of Day,,71.625,71.9375,70.0625,70.625,1928300,,,Verified
GMGMQ.PK,03-JUN-2009,,End Of Day,,0.6101,0.7,0.532,0.615,65818346,,,Verified
GMGMQ.PK,04-JUN-2009,,End Of Day,,0.6235,0.769,0.585,0.746,70191519,,,Verified
GMGMQ.PK,05-JUN-2009,,End Of Day,,0.8,0.989,0.77,0.865,106152145,,,Verified
GMGMQ.PK,06-JUN-2009,,End Of Day,No Trades,,,,,,,,Verified
GMGMQ.PK,07-JUN-2009,,End Of Day,No Trades,,,,,,,,Verified
GMGMQ.PK,08-JUN-2009,,End Of Day,,0.882,1.23,0.85,1.21,104382035,,,Verified
GMGMQ.PK,09-JUN-2009,,End Of Day,,1.32,1.75,1.19,1.5,156441158,,,Verified
GMGMQ.PK,10-JUN-2009,,End Of Day,,1.67,1.69,1.5,1.59,84385318,,,Verified
GMGMQ.PK,11-JUN-2009,,End Of Day,,1.45,1.5,1.28,1.29,73665909,,,Verified
GMGMQ.PK,12-JUN-2009,,End Of Day,,1.22,1.23,1.05,1.17,68931535,,,Verified
GMGMQ.PK,13-JUN-2009,,End Of Day,No Trades,,,,,,,,Verified
GMGMQ.PK,14-JUN-2009,,End Of Day,No Trades,,,,,,,,Verified
GMGMQ.PK,15-JUN-2009,,End Of Day,,1.1,1.31,1.0712,1.26,45260730,,,Verified
GMGMQ.PK,16-JUN-2009,,End Of Day,,1.33,1.42,1.3,1.33,35647378,,,Verified
GMGMQ.PK,17-JUN-2009,,End Of Day,,1.36,1.38,1.18,1.25,38004082,,,Verified
GMGMQ.PK,18-JUN-2009,,End Of Day,,1.28,1.29,1.215,1.245,21920960,,,Verified
GMGMQ.PK,19-JUN-2009,,End Of Day,,1.26,1.31,1.2,1.3,29678115,,,Verified
GMGMQ.PK,20-JUN-2009,,End Of Day,No Trades,,,,,,,,Verified
GMGMQ.PK,21-JUN-2009,,End Of Day,No Trades,,,,,,,,Verified
GMGMQ.PK,22-JUN-2009,,End Of Day,,1.29,1.3,1.18,1.2,23822079,,,Verified
WMT.N,02-DEC-1999,,End Of Day,,59,59.1875,57,57.625,4353100,,,Verified
WMT.N,03-DEC-1999,,End Of Day,,58.1875,59.25,57.9375,59.0625,4853500,,,Verified
WMT.N,04-DEC-1999,,End Of Day,No Trades,,,,,,,,Verified
WMT.N,05-DEC-1999,,End Of Day,No Trades,,,,,,,,Verified
WMT.N,06-DEC-1999,,End Of Day,,58.5625,60.5,58.3125,59.125,4270700,,,Verified
WMT.N,07-DEC-1999,,End Of Day,,59.8125,60.125,58.0625,58.25,5401100,,,Verified
WMT.N,08-DEC-1999,,End Of Day,,58.8125,59.3125,58,58,3578100,,,Verified
WMT.N,09-DEC-1999,,End Of Day,,58.5,62,57.625,62,7522800,,,Verified
WMT.N,10-DEC-1999,,End Of Day,,62.5,64.5,62,63.625,10417500,,,Verified
WMT.N,11-DEC-1999,,End Of Day,No Trades,,,,,,,,Verified
WMT.N,12-DEC-1999,,End Of Day,No Trades,,,,,,,,Verified
WMT.N,13-DEC-1999,,End Of Day,,65.5,69.1875,64.75,67.8125,7100500,,,Verified
WMT.N,14-DEC-1999,,End Of Day,,67,68.4375,66.9375,67.0625,6076400,,,Verified
WMT.N,15-DEC-1999,,End Of Day,,67,67.0625,65.1875,66.25,6486300,,,Verified
WMT.N,16-DEC-1999,,End Of Day,,66.25,68.75,66,68.125,7120600,,,Verified
WMT.N,17-DEC-1999,,End Of Day,,68.8125,68.8125,64.75,64.75,13356800,,,Verified
WMT.N,18-DEC-1999,,End Of Day,No Trades,,,,,,,,Verified
WMT.N,19-DEC-1999,,End Of Day,No Trades,,,,,,,,Verified
WMT.N,20-DEC-1999,,End Of Day,,66.125,66.375,63.25,63.4375,4900500,,,Verified
WMT.N,21-DEC-1999,,End Of Day,,64,65.6875,63.5625,64.8125,3852400,,,Verified
KO.N,02-DEC-1999,,End Of Day,,67,67.9375,67,67.8125,1929200,,,Verified
KO.N,03-DEC-1999,,End Of Day,,68.25,69,67.8125,68.1875,3190100,,,Verified
KO.N,04-DEC-1999,,End Of Day,No Trades,,,,,,,,Verified
KO.N,05-DEC-1999,,End Of Day,No Trades,,,,,,,,Verified
KO.N,06-DEC-1999,,End Of Day,,68.1875,68.1875,62.625,63.9375,11449300,,,Verified
KO.N,07-DEC-1999,,End Of Day,,62.5,62.75,58.8125,59.8125,15297500,,,Verified
KO.N,08-DEC-1999,,End Of Day,,60.125,60.875,59.375,60,7747900,,,Verified
KO.N,09-DEC-1999,,End Of Day,,61,62.1875,60.0625,61.9375,5835100,,,Verified
KO.N,10-DEC-1999,,End Of Day,,62.5,63.25,62.1875,63.25,4825300,,,Verified
KO.N,11-DEC-1999,,End Of Day,No Trades,,,,,,,,Verified
KO.N,12-DEC-1999,,End Of Day,No Trades,,,,,,,,Verified
KO.N,13-DEC-1999,,End Of Day,,63,63,61.375,61.5,2302200,,,Verified
KO.N,14-DEC-1999,,End Of Day,,61.5625,61.9375,61.0625,61.25,2869100,,,Verified
KO.N,15-DEC-1999,,End Of Day,,61,61.1875,59.375,59.6875,3830000,,,Verified
KO.N,16-DEC-1999,,End Of Day,,60.375,60.375,57.9375,58.5,4291900,,,Verified
KO.N,17-DEC-1999,,End Of Day,,57.5,59.875,57.375,59.75,7169000,,,Verified
KO.N,18-DEC-1999,,End Of Day,No Trades,,,,,,,,Verified
KO.N,19-DEC-1999,,End Of Day,No Trades,,,,,,,,Verified
KO.N,20-DEC-1999,,End Of Day,,59.75,60.375,58.5,60.125,2971300,,,Verified
KO.N,21-DEC-1999,,End Of Day,,59.6875,59.9375,58.125,58.25,2560400,,,Verified
DD.N,02-DEC-1999,,End Of Day,,60,60.6875,60,60.0625,1509500,,,Verified
DD.N,03-DEC-1999,,End Of Day,,60.9375,61.625,60.75,60.8125,2340900,,,Verified
DD.N,04-DEC-1999,,End Of Day,No Trades,,,,,,,,Verified
DD.N,05-DEC-1999,,End Of Day,No Trades,,,,,,,,Verified
DD.N,06-DEC-1999,,End Of Day,,60.8125,62,60.75,61.625,1558500,,,Verified
DD.N,07-DEC-1999,,End Of Day,,61,61.9375,60.1875,61.0625,2403500,,,Verified
DD.N,08-DEC-1999,,End Of Day,,60.75,60.875,59,59.5,1958600,,,Verified
DD.N,09-DEC-1999,,End Of Day,,59.125,59.125,58.0625,58.6875,1859600,,,Verified
DD.N,10-DEC-1999,,End Of Day,,59,60.25,58.75,60.0625,2243800,,,Verified
DD.N,11-DEC-1999,,End Of Day,No Trades,,,,,,,,Verified
DD.N,12-DEC-1999,,End Of Day,No Trades,,,,,,,,Verified
DD.N,13-DEC-1999,,End Of Day,,59.875,62.4375,59.8125,61.8125,2944600,,,Verified
DD.N,14-DEC-1999,,End Of Day,,61.875,65.8125,61.5,64.875,4658100,,,Verified
DD.N,15-DEC-1999,,End Of Day,,65.4375,66.25,64.625,64.9375,4174500,,,Verified
DD.N,16-DEC-1999,,End Of Day,,64.25,65.3125,63.5625,65.3125,2268300,,,Verified
DD.N,17-DEC-1999,,End Of Day,,65.75,69.4375,65.25,68.5625,5375100,,,Verified
DD.N,18-DEC-1999,,End Of Day,No Trades,,,,,,,,Verified
DD.N,19-DEC-1999,,End Of Day,No Trades,,,,,,,,Verified
DD.N,20-DEC-1999,,End Of Day,,68.4375,68.6875,64.0625,64.625,2545200,,,Verified
DD.N,21-DEC-1999,,End Of Day,,64.5625,64.625,63.375,63.8125,2153900,,,Verified
SBC.N,02-DEC-1999,,End Of Day,,51.875,52.625,51.0625,51.5625,3236200,,,Raw
SBC.N,03-DEC-1999,,End Of Day,,52.875,53.9375,52.375,53.5,4410400,,,Raw
SBC.N,04-DEC-1999,,End Of Day,No Trades,,,,,,,,Raw
SBC.N,05-DEC-1999,,End Of Day,No Trades,,,,,,,,Raw
SBC.N,06-DEC-1999,,End Of Day,,53.875,53.9375,52.5625,52.875,3014900,,,Raw
SBC.N,07-DEC-1999,,End Of Day,,53,55.5,52.1875,54.6875,7270300,,,Raw
SBC.N,08-DEC-1999,,End Of Day,,54.0625,54.5625,53.5625,53.8125,4055400,,,Raw
SBC.N,09-DEC-1999,,End Of Day,,54.1875,54.9375,53.6875,54.75,4238200,,,Raw
SBC.N,10-DEC-1999,,End Of Day,,54.1875,54.3125,53.0625,53.1875,2679100,,,Raw
SBC.N,11-DEC-1999,,End Of Day,No Trades,,,,,,,,Raw
SBC.N,12-DEC-1999,,End Of Day,No Trades,,,,,,,,Raw
SBC.N,13-DEC-1999,,End Of Day,,52.9375,53.3125,51.625,53.125,3649300,,,Raw
SBC.N,14-DEC-1999,,End Of Day,,53,54.375,52.3125,53.25,3887700,,,Raw
SBC.N,15-DEC-1999,,End Of Day,,53.5,53.5625,51.875,52,4483000,,,Raw
SBC.N,16-DEC-1999,,End Of Day,,51.8125,51.8125,50.75,51.25,6656900,,,Raw
SBC.N,17-DEC-1999,,End Of Day,,51.125,51.6875,50.9375,51.1875,7919900,,,Raw
SBC.N,18-DEC-1999,,End Of Day,No Trades,,,,,,,,Raw
SBC.N,19-DEC-1999,,End Of Day,No Trades,,,,,,,,Raw
SBC.N,20-DEC-1999,,End Of Day,,51,51.25,50,50.25,4918600,,,Raw
SBC.N,21-DEC-1999,,End Of Day,,50.0625,51.0625,50.0625,50.5625,3919900,,,Raw
T.N,02-DEC-1999,,End Of Day,,51.875,52.625,51.0625,51.5625,3236200,,,Verified
T.N,03-DEC-1999,,End Of Day,,52.875,53.9375,52.375,53.5,4410400,,,Verified
T.N,04-DEC-1999,,End Of Day,No Trades,,,,,,,,Verified
T.N,05-DEC-1999,,End Of Day,No Trades,,,,,,,,Verified
T.N,06-DEC-1999,,End Of Day,,53.875,53.9375,52.5625,52.875,3014900,,,Verified
T.N,07-DEC-1999,,End Of Day,,53,55.5,52.1875,54.6875,7270300,,,Verified
T.N,08-DEC-1999,,End Of Day,,54.0625,54.5625,53.5625,53.8125,4055400,,,Verified
T.N,09-DEC-1999,,End Of Day,,54.1875,54.9375,53.6875,54.75,4238200,,,Verified
T.N,10-DEC-1999,,End Of Day,,54.1875,54.3125,53.0625,53.1875,2679100,,,Verified
T.N,11-DEC-1999,,End Of Day,No Trades,,,,,,,,Verified
T.N,12-DEC-1999,,End Of Day,No Trades,,,,,,,,Verified
T.N,13-DEC-1999,,End Of Day,,52.9375,53.3125,51.625,53.125,3649300,,,Verified
T.N,14-DEC-1999,,End Of Day,,53,54.375,52.3125,53.25,3887700,,,Verified
T.N,15-DEC-1999,,End Of Day,,53.5,53.5625,51.875,52,4483000,,,Verified
T.N,16-DEC-1999,,End Of Day,,51.8125,51.8125,50.75,51.25,6656900,,,Verified
T.N,17-DEC-1999,,End Of Day,,51.125,51.6875,50.9375,51.1875,7919900,,,Verified
T.N,18-DEC-1999,,End Of Day,No Trades,,,,,,,,Verified
T.N,19-DEC-1999,,End Of Day,No Trades,,,,,,,,Verified
T.N,20-DEC-1999,,End Of Day,,51,51.25,50,50.25,4918600,,,Verified
T.N,21-DEC-1999,,End Of Day,,50.0625,51.0625,50.0625,50.5625,3919900,,,Verified
INTC.O,02-DEC-1999,,End Of Day,,75.625,78.125,75.5,77.5625,15559200,,,Verified
INTC.O,03-DEC-1999,,End Of Day,,79,80,78.5,78.6875,18271100,,,Verified
INTC.O,04-DEC-1999,,End Of Day,No Trades,,,,,,,,Verified
INTC.O,05-DEC-1999,,End Of Day,No Trades,,,,,,,,Verified
INTC.O,06-DEC-1999,,End Of Day,,78.8125,79.375,77.1875,77.875,14320000,,,Verified
INTC.O,07-DEC-1999,,End Of Day,,78.25,78.4375,76.3125,77.1875,16827100,,,Verified
INTC.O,08-DEC-1999,,End Of Day,,76.4375,77.5,74,74.5,26340100,,,Verified
INTC.O,09-DEC-1999,,End Of Day,,75.625,75.625,72.125,73.25,26913300,,,Verified
INTC.O,10-DEC-1999,,End Of Day,,73.5,74,71.625,72.25,28117400,,,Verified
INTC.O,11-DEC-1999,,End Of Day,No Trades,,,,,,,,Verified
INTC.O,12-DEC-1999,,End Of Day,No Trades,,,,,,,,Verified
INTC.O,13-DEC-1999,,End Of Day,,71.25,75.1875,70.5625,74.0625,23902400,,,Verified
INTC.O,14-DEC-1999,,End Of Day,,74.625,75,72.375,72.4375,20871700,,,Verified
INTC.O,15-DEC-1999,,End Of Day,,72.20313,79.23438,72.125,78.9375,41023400,,,Verified
INTC.O,16-DEC-1999,,End Of Day,,79.75,81.125,79.375,80.25,25070100,,,Verified
INTC.O,17-DEC-1999,,End Of Day,,81.375,83,80.5,82.0625,34734800,,,Verified
INTC.O,18-DEC-1999,,End Of Day,No Trades,,,,,,,,Verified
INTC.O,19-DEC-1999,,End Of Day,No Trades,,,,,,,,Verified
INTC.O,20-DEC-1999,,End Of Day,,82.875,83.1875,79.125,81.0625,18125700,,,Verified
INTC.O,21-DEC-1999,,End Of Day,,80.5625,83.25,80,82.875,17335200,,,Verified
INTC.OQ,02-NOV-2001,,End Of Day,,25.95,26.73,25.5,26.3,49880100,,,Verified
INTC.OQ,03-NOV-2001,,End Of Day,No Trades,,,,,,,,Verified
INTC.OQ,04-NOV-2001,,End Of Day,No Trades,,,,,,,,Verified
INTC.OQ,05-NOV-2001,,End Of Day,,26.75,27.28,26.65,26.96,42270400,,,Verified
INTC.OQ,06-NOV-2001,,End Of Day,,26.79,28.28,26.7,28.25,63157100,,,Verified
INTC.OQ,07-NOV-2001,,End Of Day,,27.91,29.08,27.75,28.29,59721500,,,Verified
INTC.OQ,08-NOV-2001,,End Of Day,,28.87,29.52,27.93,28.28,64846800,,,Verified
INTC.OQ,09-NOV-2001,,End Of Day,,28.18,28.3,27.6,27.88,40856300,,,Verified
INTC.OQ,10-NOV-2001,,End Of Day,No Trades,,,,,,,,Verified
INTC.OQ,11-NOV-2001,,End Of Day,No Trades,,,,,,,,Verified
INTC.OQ,12-NOV-2001,,End Of Day,,27.61,28.77,26.77,28.38,47879300,,,Verified
INTC.OQ,13-NOV-2001,,End Of Day,,29.06,30.06,28.95,30.05,68039500,,,Verified
INTC.OQ,14-NOV-2001,,End Of Day,,30.47,31.59,29.9,31.32,78508700,,,Verified
INTC.OQ,15-NOV-2001,,End Of Day,,30.82,31.48,30.461,30.78,58212700,,,Verified
INTC.OQ,16-NOV-2001,,End Of Day,,30.63,30.95,30.15,30.63,39650900,,,Verified
INTC.OQ,17-NOV-2001,,End Of Day,No Trades,,,,,,,,Verified
INTC.OQ,18-NOV-2001,,End Of Day,No Trades,,,,,,,,Verified
INTC.OQ,19-NOV-2001,,End Of Day,,30.81,31.3,29.91,30.99,47861200,,,Verified
INTC.OQ,20-NOV-2001,,End Of Day,,30.71,30.79,29.83,29.95,41313400,,,Verified
INTC.OQ,21-NOV-2001,,End Of Day,,29.54,30.84,29.48,30.81,55277800,,,Verified
BA.N,02-DEC-1999,,End Of Day,,41.5,41.5625,39.875,40.0625,2394800,,,Verified
BA.N,03-DEC-1999,,End Of Day,,40,40.375,39.625,40.375,2664500,,,Verified
BA.N,04-DEC-1999,,End Of Day,No Trades,,,,,,,,Verified
BA.N,05-DEC-1999,,End Of Day,No Trades,,,,,,,,Verified
BA.N,06-DEC-1999,,End Of Day,,40,40.0625,38.5,38.5625,3150500,,,Verified
BA.N,07-DEC-1999,,End Of Day,,38.625,38.6875,37.9375,37.9375,2645200,,,Verified
BA.N,08-DEC-1999,,End Of Day,,37.75,38,37.25,37.25,4428900,,,Verified
BA.N,09-DEC-1999,,End Of Day,,38.25,38.5625,37.4375,37.75,5402000,,,Verified
BA.N,10-DEC-1999,,End Of Day,,38.25,39.625,38.0625,39.1875,2997500,,,Verified
BA.N,11-DEC-1999,,End Of Day,No Trades,,,,,,,,Verified
BA.N,12-DEC-1999,,End Of Day,No Trades,,,,,,,,Verified
BA.N,13-DEC-1999,,End Of Day,,38.875,39.0625,38,38.1875,3055200,,,Verified
BA.N,14-DEC-1999,,End Of Day,,38,38.5625,37.3125,38.5,4115100,,,Verified
BA.N,15-DEC-1999,,End Of Day,,39.5,40.5,38.75,38.8125,5300300,,,Verified
BA.N,16-DEC-1999,,End Of Day,,38.875,39.8125,38.6875,39.6875,3619700,,,Verified
BA.N,17-DEC-1999,,End Of Day,,39.75,40,38.1875,38.3125,5419700,,,Verified
BA.N,18-DEC-1999,,End Of Day,No Trades,,,,,,,,Verified
BA.N,19-DEC-1999,,End Of Day,No Trades,,,,,,,,Verified
BA.N,20-DEC-1999,,End Of Day,,38.25,39.25,37.875,38.9375,2609000,,,Verified
BA.N,21-DEC-1999,,End Of Day,,38.6875,38.9375,38.25,38.6875,2827300,,,Verified
MRK.N,02-DEC-1999,,End Of Day,,74.5,76,74.5,75.625,2921700,,,Verified
MRK.N,03-DEC-1999,,End Of Day,,76.1875,77.4375,75.75,77.375,3795300,,,Verified
MRK.N,04-DEC-1999,,End Of Day,No Trades,,,,,,,,Verified
MRK.N,05-DEC-1999,,End Of Day,No Trades,,,,,,,,Verified
MRK.N,06-DEC-1999,,End Of Day,,75.625,76.25,75.0625,75.4375,3849000,,,Verified
MRK.N,07-DEC-1999,,End Of Day,,75.625,75.625,72.5,73.1875,4802900,,,Verified
MRK.N,08-DEC-1999,,End Of Day,,74.25,74.3125,72.375,72.625,4514700,,,Verified
MRK.N,09-DEC-1999,,End Of Day,,74,74.875,71,71.1875,4206500,,,Verified
MRK.N,10-DEC-1999,,End Of Day,,71.6875,72.6875,70.875,71.4375,4440700,,,Verified
MRK.N,11-DEC-1999,,End Of Day,No Trades,,,,,,,,Verified
MRK.N,12-DEC-1999,,End Of Day,No Trades,,,,,,,,Verified
MRK.N,13-DEC-1999,,End Of Day,,70.25,70.9375,68,68.25,5991600,,,Verified
MRK.N,14-DEC-1999,,End Of Day,,68,69.5,66.875,69.1875,6117900,,,Verified
MRK.N,15-DEC-1999,,End Of Day,,68.6875,71.875,68.6875,71.5,5737000,,,Verified
MRK.N,16-DEC-1999,,End Of Day,,71.5,71.5,68.625,69.375,4004000,,,Verified
MRK.N,17-DEC-1999,,End Of Day,,70.25,70.25,66.5625,66.5625,9480100,,,Verified
MRK.N,18-DEC-1999,,End Of Day,No Trades,,,,,,,,Verified
MRK.N,19-DEC-1999,,End Of Day,No Trades,,,,,,,,Verified
MRK.N,20-DEC-1999,,End Of Day,,66.625,67.6875,66.1875,66.4375,4106100,,,Verified
MRK.N,21-DEC-1999,,End Of Day,,66.375,67.25,66.0625,66.0625,4162100,,,Verified
HD.N,02-DEC-1999,,End Of Day,,81.25,82.5,80.25,82.3125,2913600,,,Verified
HD.N,03-DEC-1999,,End Of Day,,83,84.25,82.8125,84.25,3850200,,,Verified
HD.N,04-DEC-1999,,End Of Day,No Trades,,,,,,,,Verified
HD.N,05-DEC-1999,,End Of Day,No Trades,,,,,,,,Verified
HD.N,06-DEC-1999,,End Of Day,,84.1875,84.1875,82.75,83.1875,2111400,,,Verified
HD.N,07-DEC-1999,,End Of Day,,83.4375,83.8125,82.625,83.25,2511800,,,Verified
HD.N,08-DEC-1999,,End Of Day,,83.6875,85.5,83.0625,83.1875,3114800,,,Verified
HD.N,09-DEC-1999,,End Of Day,,86,87.375,85.6875,87.25,5108100,,,Verified
HD.N,10-DEC-1999,,End Of Day,,88,89.4375,87.875,88.8125,4064400,,,Verified
HD.N,11-DEC-1999,,End Of Day,No Trades,,,,,,,,Verified
HD.N,12-DEC-1999,,End Of Day,No Trades,,,,,,,,Verified
HD.N,13-DEC-1999,,End Of Day,,89.9375,92.875,89.625,92.3125,4577800,,,Verified
HD.N,14-DEC-1999,,End Of Day,,92.3125,92.75,90.9375,91.4375,4086500,,,Verified
HD.N,15-DEC-1999,,End Of Day,,91,93.75,90.625,93.625,6138700,,,Verified
HD.N,16-DEC-1999,,End Of Day,,93.625,96.75,93.125,96.6875,4367800,,,Verified
HD.N,17-DEC-1999,,End Of Day,,96.9375,98.625,96.8125,98.4375,8491200,,,Verified
HD.N,18-DEC-1999,,End Of Day,No Trades,,,,,,,,Verified
HD.N,19-DEC-1999,,End Of Day,No Trades,,,,,,,,Verified
HD.N,20-DEC-1999,,End Of Day,,98.5,98.8125,95.75,96.6875,3766400,,,Verified
HD.N,21-DEC-1999,,End Of Day,,96.25,96.8125,94.875,96.4375,2628200,,,Verified
XON.N,09-AUG-2013,,End Of Day,,25.1,31.43,24.75,29.09,301831,,,Verified
XON.N,10-AUG-2013,,End Of Day,No Trades,,,,,,,,Verified
XON.N,11-AUG-2013,,End Of Day,No Trades,,,,,,,,Verified
XON.N,12-AUG-2013,,End Of Day,,29.04,30.31,29,29.7,103135,,,Verified
XON.N,13-AUG-2013,,End Of Day,,29.99,29.99,26.66,28.69,86890,,,Verified
XON.N,14-AUG-2013,,End Of Day,,28.26,28.26,26.51,27.23,27576,,,Verified
XON.N,15-AUG-2013,,End Of Day,,26.65,26.99,25.12,25.8,71753,,,Verified
XON.N,16-AUG-2013,,End Of Day,,25.8,25.99,24.84,25.63,69917,,,Verified
XON.N,17-AUG-2013,,End Of Day,No Trades,,,,,,,,Verified
XON.N,18-AUG-2013,,End Of Day,No Trades,,,,,,,,Verified
XON.N,19-AUG-2013,,End Of Day,,26.09,26.47,25.75,25.94,24188,,,Verified
XON.N,20-AUG-2013,,End Of Day,,25.71,26,24,24.1,34319,,,Verified
XON.N,21-AUG-2013,,End Of Day,,24.08,25.28,22.62,23.73,63572,,,Verified
XON.N,22-AUG-2013,,End Of Day,,23.99,23.99,22.91,22.92,32945,,,Verified
XON.N,23-AUG-2013,,End Of Day,,22.88,23.5,22.8,23.42,28465,,,Verified
XON.N,24-AUG-2013,,End Of Day,No Trades,,,,,,,,Verified
XON.N,25-AUG-2013,,End Of Day,No Trades,,,,,,,,Verified
XON.N,26-AUG-2013,,End Of Day,,23.41,23.55,22.42,22.6,25288,,,Verified
XON.N,27-AUG-2013,,End Of Day,,22.5,22.5,20.76,21.64,54920,,,Verified
XON.N,28-AUG-2013,,End Of Day,,21.45,21.91,21.06,21.36,18028,,,Verified
XOM.N,02-DEC-1999,,End Of Day,,82.875,82.875,81.25,81.75,5010300,,,Verified
XOM.N,03-DEC-1999,,End Of Day,,82,83.125,81.625,82.625,5097900,,,Verified
XOM.N,04-DEC-1999,,End Of Day,No Trades,,,,,,,,Verified
XOM.N,05-DEC-1999,,End Of Day,No Trades,,,,,,,,Verified
XOM.N,06-DEC-1999,,End Of Day,,82.25,84,82,83.875,3759300,,,Verified
XOM.N,07-DEC-1999,,End Of Day,,84,85.1875,83.75,83.875,7180700,,,Verified
XOM.N,08-DEC-1999,,End Of Day,,83.625,84.5,82.625,84.0625,4244100,,,Verified
XOM.N,09-DEC-1999,,End Of Day,,84.375,86.5,83.875,86.125,5666800,,,Verified
XOM.N,10-DEC-1999,,End Of Day,,85.8125,85.8125,82.6875,82.8125,4682300,,,Verified
XOM.N,11-DEC-1999,,End Of Day,No Trades,,,,,,,,Verified
XOM.N,12-DEC-1999,,End Of Day,No Trades,,,,,,,,Verified
XOM.N,13-DEC-1999,,End Of Day,,83.375,83.8125,81.0625,82.6875,5600800,,,Verified
XOM.N,14-DEC-1999,,End Of Day,,82,83.125,82,82.375,5214700,,,Verified
XOM.N,15-DEC-1999,,End Of Day,,83.25,84.25,83.0625,83.0625,6317900,,,Verified
XOM.N,16-DEC-1999,,End Of Day,,81.75,84.8125,81.75,83.5625,5282000,,,Verified
XOM.N,17-DEC-1999,,End Of Day,,83.9375,84.25,82.25,82.625,10095100,,,Verified
XOM.N,18-DEC-1999,,End Of Day,No Trades,,,,,,,,Verified
XOM.N,19-DEC-1999,,End Of Day,No Trades,,,,,,,,Verified
XOM.N,20-DEC-1999,,End Of Day,,83.25,83.6875,81,81.375,3074900,,,Verified
XOM.N,21-DEC-1999,,End Of Day,,81,82,80.625,80.8125,3136000,,,Verified
MCDw.N,08-OCT-2006,,End Of Day,No Trades,,,,,,,,Verified
MCDw.N,13-OCT-2006,,End Of Day,No Trades,,,,,,,,Verified
MCDw.N,14-OCT-2006,,End Of Day,No Trades,,,,,,,,Verified
MCDw.N,15-OCT-2006,,End Of Day,No Trades,,,,,,,,Verified
MCDw.N,16-OCT-2006,,End Of Day,No Trades,,,,,,,,Verified
MCDw.N,17-OCT-2006,,End Of Day,No Trades,,,,,,,,Verified
MCDw.N,18-OCT-2006,,End Of Day,No Trades,,,,,,,,Verified
MCDw.N,19-OCT-2006,,End Of Day,No Trades,,,,,,,,Verified
MCDw.N,20-OCT-2006,,End Of Day,No Trades,,,,,,,,Verified
MCDw.N,21-OCT-2006,,End Of Day,No Trades,,,,,,,,Verified
MCDw.N,22-OCT-2006,,End Of Day,No Trades,,,,,,,,Verified
MCDw.N,23-OCT-2006,,End Of Day,No Trades,,,,,,,,Verified
MCDw.N,24-OCT-2006,,End Of Day,No Trades,,,,,,,,Verified
MCDw.N,25-OCT-2006,,End Of Day,No Trades,,,,,,,,Verified
MCDw.N,26-OCT-2006,,End Of Day,No Trades,,,,,,,,Verified
MCDw.N,27-OCT-2006,,End Of Day,No Trades,,,,,,,,Verified
MCDw.N,28-OCT-2006,,End Of Day,No Trades,,,,,,,,Verified
MCDw.N,29-OCT-2006,,End Of Day,No Trades,,,,,,,,Verified
MCDw.N,30-OCT-2006,,End Of Day,No Trades,,,,,,,,Verified
MCDw.N,31-OCT-2006,,End Of Day,No Trades,,,,,,,,Verified
MCD.N,02-DEC-1999,,End Of Day,,46.0625,46.0625,44.875,45.1875,3246700,,,Verified
MCD.N,03-DEC-1999,,End Of Day,,45.625,46.0625,45.3125,45.875,3047300,,,Verified
MCD.N,04-DEC-1999,,End Of Day,No Trades,,,,,,,,Verified
MCD.N,05-DEC-1999,,End Of Day,No Trades,,,,,,,,Verified
MCD.N,06-DEC-1999,,End Of Day,,45.3125,46.25,45.25,46,1300100,,,Verified
MCD.N,07-DEC-1999,,End Of Day,,45.6875,45.75,44.5,44.5,2623500,,,Verified
MCD.N,08-DEC-1999,,End Of Day,,44.8125,45.3125,44.375,44.375,1626600,,,Verified
MCD.N,09-DEC-1999,,End Of Day,,44.75,45.25,44.375,44.375,2468700,,,Verified
MCD.N,10-DEC-1999,,End Of Day,,43.25,43.6875,42.6875,43.25,8774400,,,Verified
MCD.N,11-DEC-1999,,End Of Day,No Trades,,,,,,,,Verified
MCD.N,12-DEC-1999,,End Of Day,No Trades,,,,,,,,Verified
MCD.N,13-DEC-1999,,End Of Day,,43.125,43.25,42,42,4103600,,,Verified
MCD.N,14-DEC-1999,,End Of Day,,42,42.0625,41.25,41.375,4635500,,,Verified
MCD.N,15-DEC-1999,,End Of Day,,41.6875,42.375,41.5625,41.8125,2140300,,,Verified
MCD.N,16-DEC-1999,,End Of Day,,41.9375,41.9375,41.3125,41.8125,2270400,,,Verified
MCD.N,17-DEC-1999,,End Of Day,,42.4375,42.4375,41.25,41.25,4433900,,,Verified
MCD.N,18-DEC-1999,,End Of Day,No Trades,,,,,,,,Verified
MCD.N,19-DEC-1999,,End Of Day,No Trades,,,,,,,,Verified
MCD.N,20-DEC-1999,,End Of Day,,41.875,42.9375,41.625,41.9375,2560700,,,Verified
MCD.N,21-DEC-1999,,End Of Day,,41.625,42.1875,40.9375,41.5,3455800,,,Verified
DIS.N,02-DEC-1999,,End Of Day,,27.5625,28.125,27.5625,28.0625,6750200,,,Verified
DIS.N,03-DEC-1999,,End Of Day,,28.4375,28.9375,27.75,27.875,7995600,,,Verified
DIS.N,04-DEC-1999,,End Of Day,No Trades,,,,,,,,Verified
DIS.N,05-DEC-1999,,End Of Day,No Trades,,,,,,,,Verified
DIS.N,06-DEC-1999,,End Of Day,,27.875,28.25,27.6875,27.9375,4640500,,,Verified
DIS.N,07-DEC-1999,,End Of Day,,28.0625,28.0625,27.5,27.8125,6668300,,,Verified
DIS.N,08-DEC-1999,,End Of Day,,27.5625,28,27.125,27.25,8387500,,,Verified
DIS.N,09-DEC-1999,,End Of Day,,27.4375,27.9375,27.3125,27.875,10093400,,,Verified
DIS.N,10-DEC-1999,,End Of Day,,27.9375,28.4375,27.75,28.0625,9334500,,,Verified
DIS.N,11-DEC-1999,,End Of Day,No Trades,,,,,,,,Verified
DIS.N,12-DEC-1999,,End Of Day,No Trades,,,,,,,,Verified
DIS.N,13-DEC-1999,,End Of Day,,27.8125,27.875,27.375,27.75,7416400,,,Verified
DIS.N,14-DEC-1999,,End Of Day,,27.5,28.75,27.3125,28.75,6318200,,,Verified
DIS.N,15-DEC-1999,,End Of Day,,28.75,29.375,27.9375,28.125,8431400,,,Verified
DIS.N,16-DEC-1999,,End Of Day,,28.3125,28.3125,27.8125,27.9375,4476800,,,Verified
DIS.N,17-DEC-1999,,End Of Day,,27.9375,28.375,27.75,28.3125,10205500,,,Verified
DIS.N,18-DEC-1999,,End Of Day,No Trades,,,,,,,,Verified
DIS.N,19-DEC-1999,,End Of Day,No Trades,,,,,,,,Verified
DIS.N,20-DEC-1999,,End Of Day,,28.1875,28.6875,27.875,28.6875,5108700,,,Verified
DIS.N,21-DEC-1999,,End Of Day,,28.5625,29.1875,28.375,28.4375,5524300,,,Verified
IP.N,02-DEC-1999,,End Of Day,,50.875,53,50.625,52.5625,1150200,,,Verified
IP.N,03-DEC-1999,,End Of Day,,53.375,53.4375,52.625,53.125,974700,,,Verified
IP.N,04-DEC-1999,,End Of Day,No Trades,,,,,,,,Verified
IP.N,05-DEC-1999,,End Of Day,No Trades,,,,,,,,Verified
IP.N,06-DEC-1999,,End Of Day,,52.875,54.5625,52.5,54,1114500,,,Verified
IP.N,07-DEC-1999,,End Of Day,,54,54.3125,52.0625,52.25,1026000,,,Verified
IP.N,08-DEC-1999,,End Of Day,,53.5,54.6875,52.875,53.0625,1878100,,,Verified
IP.N,09-DEC-1999,,End Of Day,,52.8125,54.875,52.6875,53.875,1223600,,,Verified
IP.N,10-DEC-1999,,End Of Day,,54.5,55.1875,53.5625,54.5,1771400,,,Verified
IP.N,11-DEC-1999,,End Of Day,No Trades,,,,,,,,Verified
IP.N,12-DEC-1999,,End Of Day,No Trades,,,,,,,,Verified
IP.N,13-DEC-1999,,End Of Day,,54.1875,54.8125,52.9375,53.5625,1332700,,,Verified
IP.N,14-DEC-1999,,End Of Day,,52.375,55.4375,52.25,54.3125,2647200,,,Verified
IP.N,15-DEC-1999,,End Of Day,,54,56.875,54,55.875,4490600,,,Verified
IP.N,16-DEC-1999,,End Of Day,,56,56.0625,52.375,53,2777000,,,Verified
IP.N,17-DEC-1999,,End Of Day,,54.5,55.1875,53.625,53.625,3916200,,,Verified
IP.N,18-DEC-1999,,End Of Day,No Trades,,,,,,,,Verified
IP.N,19-DEC-1999,,End Of Day,No Trades,,,,,,,,Verified
IP.N,20-DEC-1999,,End Of Day,,53.75,54.25,52.3125,52.625,2330100,,,Verified
IP.N,21-DEC-1999,,End Of Day,,52.375,54.0625,52.375,53.3125,2229400,,,Verified
Cw.N,22-JUL-2009,,End Of Day,,2.52,2.66,2.47,2.55,29420300,,,Verified
Cw.N,23-JUL-2009,,End Of Day,,2.6,2.69,2.59,2.59,20032700,,,Verified
Cw.N,24-JUL-2009,,End Of Day,,2.62,2.65,2.55,2.59,14075100,,,Verified
Cw.N,25-JUL-2009,,End Of Day,No Trades,,,,,,,,Verified
Cw.N,26-JUL-2009,,End Of Day,No Trades,,,,,,,,Verified
Cw.N,27-JUL-2009,,End Of Day,,2.65,2.7,2.53,2.6,41491300,,,Verified
Cw.N,28-JUL-2009,,End Of Day,,2.63,3.04,2.63,2.97,50040800,,,Verified
Cw.N,29-JUL-2009,,End Of Day,,2.97,3.16,2.93,3.16,19719700,,,Verified
Cw.N,30-JUL-2009,,End Of Day,,3.26,3.33,3.04,3.1,20974000,,,Verified
C.N,02-DEC-1999,,End Of Day,,55.5,55.625,53.5625,54,9171200,,,Verified
C.N,03-DEC-1999,,End Of Day,,55.4375,57.375,55.125,56.75,12643200,,,Verified
C.N,04-DEC-1999,,End Of Day,No Trades,,,,,,,,Verified
C.N,05-DEC-1999,,End Of Day,No Trades,,,,,,,,Verified
C.N,06-DEC-1999,,End Of Day,,56.9375,56.9375,55.5625,56.3125,7858600,,,Verified
C.N,07-DEC-1999,,End Of Day,,56.625,57.5,56.375,57.1875,8755700,,,Verified
C.N,08-DEC-1999,,End Of Day,,57.3125,57.5625,54.4375,54.8125,7248900,,,Verified
C.N,09-DEC-1999,,End Of Day,,56,56.125,54.25,55.25,8557400,,,Verified
C.N,10-DEC-1999,,End Of Day,,55.8125,56.625,55.6875,56.125,8597700,,,Verified
C.N,11-DEC-1999,,End Of Day,No Trades,,,,,,,,Verified
C.N,12-DEC-1999,,End Of Day,No Trades,,,,,,,,Verified
C.N,13-DEC-1999,,End Of Day,,56,56,55,55.3125,6620300,,,Verified
C.N,14-DEC-1999,,End Of Day,,54,54.8125,53.4375,53.5,8492900,,,Verified
C.N,15-DEC-1999,,End Of Day,,53.9375,55.0625,53.8125,54.5,9163300,,,Verified
C.N,16-DEC-1999,,End Of Day,,55.125,55.125,53.0625,53.875,8265000,,,Verified
C.N,17-DEC-1999,,End Of Day,,53.9375,54.9375,53.4375,54.5,12302300,,,Verified
C.N,18-DEC-1999,,End Of Day,No Trades,,,,,,,,Verified
C.N,19-DEC-1999,,End Of Day,No Trades,,,,,,,,Verified
C.N,20-DEC-1999,,End Of Day,,54.5,55.375,53.25,53.3125,7868300,,,Verified
C.N,21-DEC-1999,,End Of Day,,53.0625,55.8125,53,55.25,9909100,,,Verified
HWP.N,04-JUL-2005,,End Of Day,No Trades,,,,,,,,Verified
HWP.N,05-JUL-2005,,End Of Day,No Trades,,,,,,,,Verified
HWP.N,06-JUL-2005,,End Of Day,No Trades,,,,,,,,Verified
HWP.N,07-JUL-2005,,End Of Day,No Trades,,,,,,,,Verified
HWP.N,08-JUL-2005,,End Of Day,No Trades,,,,,,,,Verified
HWP.N,09-JUL-2005,,End Of Day,No Trades,,,,,,,,Verified
HWP.N,10-JUL-2005,,End Of Day,No Trades,,,,,,,,Verified
HWP.N,11-JUL-2005,,End Of Day,No Trades,,,,,,,,Verified
HWP.N,12-JUL-2005,,End Of Day,No Trades,,,,,,,,Verified
HWP.N,13-JUL-2005,,End Of Day,No Trades,,,,,,,,Verified
HWP.N,14-JUL-2005,,End Of Day,No Trades,,,,,,,,Verified
HWP.N,15-JUL-2005,,End Of Day,No Trades,,,,,,,,Verified
HWP.N,16-JUL-2005,,End Of Day,No Trades,,,,,,,,Verified
HWP.N,17-JUL-2005,,End Of Day,No Trades,,,,,,,,Verified
HWP.N,18-JUL-2005,,End Of Day,No Trades,,,,,,,,Verified
HWP.N,19-JUL-2005,,End Of Day,No Trades,,,,,,,,Verified
HWP.N,20-JUL-2005,,End Of Day,No Trades,,,,,,,,Verified
HWP.N,21-JUL-2005,,End Of Day,No Trades,,,,,,,,Verified
HWP.N,22-JUL-2005,,End Of Day,No Trades,,,,,,,,Verified
HWP.N,23-JUL-2005,,End Of Day,No Trades,,,,,,,,Verified
HPQ.N,02-DEC-1999,,End Of Day,,99.4375,101.375,98,99.9375,4881800,,,Verified
HPQ.N,03-DEC-1999,,End Of Day,,102.8125,107.1875,102.3125,107.0625,4779400,,,Verified
HPQ.N,04-DEC-1999,,End Of Day,No Trades,,,,,,,,Verified
HPQ.N,05-DEC-1999,,End Of Day,No Trades,,,,,,,,Verified
HPQ.N,06-DEC-1999,,End Of Day,,107.0625,107.8125,101.875,103.3125,2923000,,,Verified
HPQ.N,07-DEC-1999,,End Of Day,,103.3125,109.875,103.3125,109.5,3777700,,,Verified
HPQ.N,08-DEC-1999,,End Of Day,,109,110.4375,107.3125,109.6875,3687400,,,Verified
HPQ.N,09-DEC-1999,,End Of Day,,112.8125,112.8125,108,110.75,4914600,,,Verified
HPQ.N,10-DEC-1999,,End Of Day,,110.75,111.375,108.25,109.875,3997200,,,Verified
HPQ.N,11-DEC-1999,,End Of Day,No Trades,,,,,,,,Verified
HPQ.N,12-DEC-1999,,End Of Day,No Trades,,,,,,,,Verified
HPQ.N,13-DEC-1999,,End Of Day,,109.5,109.5,105.25,105.875,3699400,,,Verified
HPQ.N,14-DEC-1999,,End Of Day,,105,105.5,102.5,103.375,3520600,,,Verified
HPQ.N,15-DEC-1999,,End Of Day,,103.125,103.3125,99.5,101.125,3668300,,,Verified
HPQ.N,16-DEC-1999,,End Of Day,,101.125,106.625,100.75,106.625,3810300,,,Verified
HPQ.N,17-DEC-1999,,End Of Day,,106.875,108.4375,105.125,105.125,4159400,,,Verified
HPQ.N,18-DEC-1999,,End Of Day,No Trades,,,,,,,,Verified
HPQ.N,19-DEC-1999,,End Of Day,No Trades,,,,,,,,Verified
HPQ.N,20-DEC-1999,,End Of Day,,105.4375,108.375,103.125,104.25,1938400,,,Verified
HPQ.N,21-DEC-1999,,End Of Day,,104.1875,108.9375,104.0625,108.9375,1835000,,,Verified
MMM_w.N,19-SEP-2003,,End Of Day,,70.9,71.1,70.9,71.1,300,,,Raw
MMM_w.N,20-SEP-2003,,End Of Day,No Trades,,,,,,,,Raw
MMM_w.N,21-SEP-2003,,End Of Day,No Trades,,,,,,,,Raw
MMM_w.N,22-SEP-2003,,End Of Day,,70.5,71,70.5,71,300,,,Raw
MMM_w.N,23-SEP-2003,,End Of Day,,71.2,71.4,71.2,71.4,200,,,Raw
MMM_w.N,24-SEP-2003,,End Of Day,,71.55,71.55,70.65,70.76,1100,,,Raw
MMM_w.N,25-SEP-2003,,End Of Day,,71,71,71,71,100,,,Raw
MMM_w.N,26-SEP-2003,,End Of Day,,72,72,72,72,100,,,Raw
MMM_w.N,27-SEP-2003,,End Of Day,No Trades,,,,,,,,Raw
MMM_w.N,28-SEP-2003,,End Of Day,No Trades,,,,,,,,Raw
MMM_w.N,29-SEP-2003,,End Of Day,No Trades,,,,,,,,Raw
MMM_w.N,30-SEP-2003,,End Of Day,No Trades,,,,,,,,Raw
MMM_w.N,01-OCT-2003,,End Of Day,No Trades,,,,,,,,Raw
MMM_w.N,02-OCT-2003,,End Of Day,No Trades,,,,,,,,Raw
MMM_w.N,03-OCT-2003,,End Of Day,No Trades,,,,,,,,Raw
MMM_w.N,04-OCT-2003,,End Of Day,No Trades,,,,,,,,Raw
MMM_w.N,05-OCT-2003,,End Of Day,No Trades,,,,,,,,Raw
MMM_w.N,06-OCT-2003,,End Of Day,No Trades,,,,,,,,Raw
MMM_w.N,07-OCT-2003,,End Of Day,No Trades,,,,,,,,Raw
MMM_w.N,08-OCT-2003,,End Of Day,No Trades,,,,,,,,Raw
MMM.N,02-DEC-1999,,End Of Day,,95,98.4375,94.9375,97.1875,1067900,,,Verified
MMM.N,03-DEC-1999,,End Of Day,,97.5,100.8125,97.5,99.3125,1396500,,,Verified
MMM.N,04-DEC-1999,,End Of Day,No Trades,,,,,,,,Verified
MMM.N,05-DEC-1999,,End Of Day,No Trades,,,,,,,,Verified
MMM.N,06-DEC-1999,,End Of Day,,98.5,99.0625,97.4375,97.8125,592700,,,Verified
MMM.N,07-DEC-1999,,End Of Day,,97.5,97.5,93,93,1009300,,,Verified
MMM.N,08-DEC-1999,,End Of Day,,93.875,95.4375,93.125,94,979000,,,Verified
MMM.N,09-DEC-1999,,End Of Day,,95.25,96,93.5,93.6875,700400,,,Verified
MMM.N,10-DEC-1999,,End Of Day,,93.375,94.375,93.0625,93.9375,630900,,,Verified
MMM.N,11-DEC-1999,,End Of Day,No Trades,,,,,,,,Verified
MMM.N,12-DEC-1999,,End Of Day,No Trades,,,,,,,,Verified
MMM.N,13-DEC-1999,,End Of Day,,93.75,94.5,92.9375,93.125,795700,,,Verified
MMM.N,14-DEC-1999,,End Of Day,,94,96.875,93.9375,94.1875,1217800,,,Verified
MMM.N,15-DEC-1999,,End Of Day,,94,96.0625,94,94.6875,1391700,,,Verified
MMM.N,16-DEC-1999,,End Of Day,,94.5,94.6875,93.5625,93.6875,711500,,,Verified
MMM.N,17-DEC-1999,,End Of Day,,95,95.75,94.5,95.125,2208100,,,Verified
MMM.N,18-DEC-1999,,End Of Day,No Trades,,,,,,,,Verified
MMM.N,19-DEC-1999,,End Of Day,No Trades,,,,,,,,Verified
MMM.N,20-DEC-1999,,End Of Day,,93.5,94.5,92.0625,93.6875,959000,,,Verified
MMM.N,21-DEC-1999,,End Of Day,,93.25,94.25,91.875,92,1300500,,,Verified
UTX.N,02-DEC-1999,,End Of Day,,58,59.375,57.875,58,1447300,,,Verified
UTX.N,03-DEC-1999,,End Of Day,,59.75,61.75,59.75,61.4375,1877400,,,Verified
UTX.N,04-DEC-1999,,End Of Day,No Trades,,,,,,,,Verified
UTX.N,05-DEC-1999,,End Of Day,No Trades,,,,,,,,Verified
UTX.N,06-DEC-1999,,End Of Day,,60.75,60.75,58,58.375,1227400,,,Verified
UTX.N,07-DEC-1999,,End Of Day,,56.75,57.625,55,56,1807000,,,Verified
UTX.N,08-DEC-1999,,End Of Day,,56.3125,58.5,56.125,58.5,1176900,,,Verified
UTX.N,09-DEC-1999,,End Of Day,,58.4375,59.5625,57.3125,59.4375,1362500,,,Verified
UTX.N,10-DEC-1999,,End Of Day,,60,61,58.75,59.25,1048300,,,Verified
UTX.N,11-DEC-1999,,End Of Day,No Trades,,,,,,,,Verified
UTX.N,12-DEC-1999,,End Of Day,No Trades,,,,,,,,Verified
UTX.N,13-DEC-1999,,End Of Day,,59.5,60.625,58,58.5,1232700,,,Verified
UTX.N,14-DEC-1999,,End Of Day,,58.25,58.75,57.6875,58.375,1382700,,,Verified
UTX.N,15-DEC-1999,,End Of Day,,58.375,58.75,57.6875,58.125,1326100,,,Verified
UTX.N,16-DEC-1999,,End Of Day,,58.375,58.375,55.75,57.4375,1399000,,,Verified
UTX.N,17-DEC-1999,,End Of Day,,58.25,58.3125,56.3125,56.375,2016600,,,Verified
UTX.N,18-DEC-1999,,End Of Day,No Trades,,,,,,,,Verified
UTX.N,19-DEC-1999,,End Of Day,No Trades,,,,,,,,Verified
UTX.N,20-DEC-1999,,End Of Day,,57.5,58.75,57.25,58.1875,1096400,,,Verified
UTX.N,21-DEC-1999,,End Of Day,,58.1875,59.1875,57.1875,58.3125,904800,,,Verified
CAT.N,02-DEC-1999,,End Of Day,,47.875,48.625,47.5,47.5,1479500,,,Verified
CAT.N,03-DEC-1999,,End Of Day,,48,49.1875,47.5,48.125,2019000,,,Verified
CAT.N,04-DEC-1999,,End Of Day,No Trades,,,,,,,,Verified
CAT.N,05-DEC-1999,,End Of Day,No Trades,,,,,,,,Verified
CAT.N,06-DEC-1999,,End Of Day,,48.25,48.625,47.5625,47.75,975300,,,Verified
CAT.N,07-DEC-1999,,End Of Day,,47.875,47.875,45.5625,45.6875,1707400,,,Verified
CAT.N,08-DEC-1999,,End Of Day,,45.1875,45.6875,44.6875,45.125,2760900,,,Verified
CAT.N,09-DEC-1999,,End Of Day,,45.625,46.5,45.4375,45.8125,1538000,,,Verified
CAT.N,10-DEC-1999,,End Of Day,,46,47.0625,46,46.6875,1872200,,,Verified
CAT.N,11-DEC-1999,,End Of Day,No Trades,,,,,,,,Verified
CAT.N,12-DEC-1999,,End Of Day,No Trades,,,,,,,,Verified
CAT.N,13-DEC-1999,,End Of Day,,46.5625,46.9375,45.75,46,1313500,,,Verified
CAT.N,14-DEC-1999,,End Of Day,,45.5,47.6875,45.5,46.125,1909000,,,Verified
CAT.N,15-DEC-1999,,End Of Day,,46,47.25,45.8125,45.8125,1490500,,,Verified
CAT.N,16-DEC-1999,,End Of Day,,46,47.5,46,46.8125,1223600,,,Verified
CAT.N,17-DEC-1999,,End Of Day,,47.375,47.4375,44.9375,44.9375,2341600,,,Verified
CAT.N,18-DEC-1999,,End Of Day,No Trades,,,,,,,,Verified
CAT.N,19-DEC-1999,,End Of Day,No Trades,,,,,,,,Verified
CAT.N,20-DEC-1999,,End Of Day,,45,45.6875,44.9375,45.3125,1014200,,,Verified
CAT.N,21-DEC-1999,,End Of Day,,44.4375,45,43.1875,44.375,1309800,,,Verified
IBM.N,02-DEC-1999,,End Of Day,,103.4375,106.3125,103.375,105.5625,4894900,,,Verified
IBM.N,03-DEC-1999,,End Of Day,,109.8125,112.75,108,112,11422300,,,Verified
IBM.N,04-DEC-1999,,End Of Day,No Trades,,,,,,,,Verified
IBM.N,05-DEC-1999,,End Of Day,No Trades,,,,,,,,Verified
IBM.N,06-DEC-1999,,End Of Day,,113,116.5,112.5,116,7657900,,,Verified
IBM.N,07-DEC-1999,,End Of Day,,117,119,115.5,116,8102500,,,Verified
IBM.N,08-DEC-1999,,End Of Day,,116.25,121,115.5,118.125,6387600,,,Verified
IBM.N,09-DEC-1999,,End Of Day,,120.5,122.125,112.375,113.6875,13373500,,,Verified
IBM.N,10-DEC-1999,,End Of Day,,111.625,111.8125,107.5625,108.875,9083000,,,Verified
IBM.N,11-DEC-1999,,End Of Day,No Trades,,,,,,,,Verified
IBM.N,12-DEC-1999,,End Of Day,No Trades,,,,,,,,Verified
IBM.N,13-DEC-1999,,End Of Day,,108.125,112.75,106.5625,110.1875,5490800,,,Verified
IBM.N,14-DEC-1999,,End Of Day,,110.1875,110.1875,106.875,109.25,6141400,,,Verified
IBM.N,15-DEC-1999,,End Of Day,,107.75,107.9375,104.5,106.75,7695000,,,Verified
IBM.N,16-DEC-1999,,End Of Day,,108,109.6875,105.75,109.125,5898700,,,Verified
IBM.N,17-DEC-1999,,End Of Day,,110.6875,111.0625,108.625,108.625,6690900,,,Verified
IBM.N,18-DEC-1999,,End Of Day,No Trades,,,,,,,,Verified
IBM.N,19-DEC-1999,,End Of Day,No Trades,,,,,,,,Verified
IBM.N,20-DEC-1999,,End Of Day,,109.0625,110.4375,107.75,108.0625,3691900,,,Verified
IBM.N,21-DEC-1999,,End Of Day,,108.5,110.0625,108.0625,109.9375,3684800,,,Verified
MO.N,02-DEC-1999,,End Of Day,,26.9375,26.9375,26.4375,26.5625,6818500,,,Verified
MO.N,03-DEC-1999,,End Of Day,,26.625,26.875,26.125,26.25,6104600,,,Verified
MO.N,04-DEC-1999,,End Of Day,No Trades,,,,,,,,Verified
MO.N,05-DEC-1999,,End Of Day,No Trades,,,,,,,,Verified
MO.N,06-DEC-1999,,End Of Day,,26.25,26.375,26,26.0625,4609400,,,Verified
MO.N,07-DEC-1999,,End Of Day,,26.375,26.625,26,26,6965900,,,Verified
MO.N,08-DEC-1999,,End Of Day,,25.9375,26,24.9375,24.9375,7095000,,,Verified
MO.N,09-DEC-1999,,End Of Day,,24.6875,25,23.75,24.6875,12431400,,,Verified
MO.N,10-DEC-1999,,End Of Day,,24.5,25.75,24.1875,25.75,14574600,,,Verified
MO.N,11-DEC-1999,,End Of Day,No Trades,,,,,,,,Verified
MO.N,12-DEC-1999,,End Of Day,No Trades,,,,,,,,Verified
MO.N,13-DEC-1999,,End Of Day,,25,25.1875,24.3125,24.5,9751400,,,Verified
MO.N,14-DEC-1999,,End Of Day,,24.0625,24.25,23.6875,23.9375,9573400,,,Verified
MO.N,15-DEC-1999,,End Of Day,,23.9375,24,23.5625,23.6875,10786500,,,Verified
MO.N,16-DEC-1999,,End Of Day,,23.75,23.75,23.3125,23.3125,8781800,,,Verified
MO.N,17-DEC-1999,,End Of Day,,23,23.1875,22.75,22.75,14660100,,,Verified
MO.N,18-DEC-1999,,End Of Day,No Trades,,,,,,,,Verified
MO.N,19-DEC-1999,,End Of Day,No Trades,,,,,,,,Verified
MO.N,20-DEC-1999,,End Of Day,,22.9375,23.375,22.875,23,8985400,,,Verified
MO.N,21-DEC-1999,,End Of Day,,22.9375,23.125,22.5625,23,6964200,,,Verified
PFE.N,02-DEC-1999,,End Of Day,,36,36.1875,35.8125,36,8007600,,,Verified
PFE.N,03-DEC-1999,,End Of Day,,36.3125,36.5,35.75,35.8125,11231300,,,Verified
PFE.N,04-DEC-1999,,End Of Day,No Trades,,,,,,,,Verified
PFE.N,05-DEC-1999,,End Of Day,No Trades,,,,,,,,Verified
PFE.N,06-DEC-1999,,End Of Day,,35.6875,35.875,34.4375,34.625,9901800,,,Verified
PFE.N,07-DEC-1999,,End Of Day,,34.5625,34.75,33.625,33.8125,12835600,,,Verified
PFE.N,08-DEC-1999,,End Of Day,,33.875,34.3125,33.625,33.6875,8286800,,,Verified
PFE.N,09-DEC-1999,,End Of Day,,34,34.125,33.5625,33.6875,6939500,,,Verified
PFE.N,10-DEC-1999,,End Of Day,,33.625,34.25,33.5,33.5,7619000,,,Verified
PFE.N,11-DEC-1999,,End Of Day,No Trades,,,,,,,,Verified
PFE.N,12-DEC-1999,,End Of Day,No Trades,,,,,,,,Verified
PFE.N,13-DEC-1999,,End Of Day,,33.5,33.8125,33,33,16131700,,,Verified
PFE.N,14-DEC-1999,,End Of Day,,33,33.5,32.5625,33.3125,11531600,,,Verified
PFE.N,15-DEC-1999,,End Of Day,,33.125,34.4375,33.125,34.3125,10896800,,,Verified
PFE.N,16-DEC-1999,,End Of Day,,34.375,34.375,33.5,33.75,13686200,,,Verified
PFE.N,17-DEC-1999,,End Of Day,,34.1875,34.25,33.25,33.25,15162900,,,Verified
PFE.N,18-DEC-1999,,End Of Day,No Trades,,,,,,,,Verified
PFE.N,19-DEC-1999,,End Of Day,No Trades,,,,,,,,Verified
PFE.N,20-DEC-1999,,End Of Day,,33.3125,33.375,32.5625,32.8125,7112000,,,Verified
PFE.N,21-DEC-1999,,End Of Day,,32.5625,32.875,32.4375,32.625,7287700,,,Verified
AIG.N,02-DEC-1999,,End Of Day,,103,103.9375,102.25,102.9375,2047600,,,Verified
AIG.N,03-DEC-1999,,End Of Day,,104.125,106.5,103.5,104,3424200,,,Verified
AIG.N,04-DEC-1999,,End Of Day,No Trades,,,,,,,,Verified
AIG.N,05-DEC-1999,,End Of Day,No Trades,,,,,,,,Verified
AIG.N,06-DEC-1999,,End Of Day,,104.25,104.75,102.5625,103.375,1412700,,,Verified
AIG.N,07-DEC-1999,,End Of Day,,102.875,107.625,102.25,106.0625,2864500,,,Verified
AIG.N,08-DEC-1999,,End Of Day,,106.3125,108.25,105.8125,106.625,1588600,,,Verified
AIG.N,09-DEC-1999,,End Of Day,,108.25,110.4375,107.875,110.1875,2245200,,,Verified
AIG.N,10-DEC-1999,,End Of Day,,111,112.875,109.4375,111.6875,2139700,,,Verified
AIG.N,11-DEC-1999,,End Of Day,No Trades,,,,,,,,Verified
AIG.N,12-DEC-1999,,End Of Day,No Trades,,,,,,,,Verified
AIG.N,13-DEC-1999,,End Of Day,,111.75,112.4375,109.8125,110.5,1650000,,,Verified
AIG.N,14-DEC-1999,,End Of Day,,110.5,110.6875,107.75,108.875,1681100,,,Verified
AIG.N,15-DEC-1999,,End Of Day,,108.875,109.5625,107.5,108.75,1591400,,,Verified
AIG.N,16-DEC-1999,,End Of Day,,109,109.75,105.75,106.9375,2423200,,,Verified
AIG.N,17-DEC-1999,,End Of Day,,105.6875,106,103,103.5,4396800,,,Verified
AIG.N,18-DEC-1999,,End Of Day,No Trades,,,,,,,,Verified
AIG.N,19-DEC-1999,,End Of Day,No Trades,,,,,,,,Verified
AIG.N,20-DEC-1999,,End Of Day,,102.625,103.75,100.5,102.125,2857000,,,Verified
AIG.N,21-DEC-1999,,End Of Day,,101.3125,106.5,100.625,105.375,2578400,,,Verified
BEL.N,29-JUL-2014,,End Of Day,,13.4,13.49,13.3,13.32,120684,,,Verified
BEL.N,30-JUL-2014,,End Of Day,,13.46,13.46,13.17,13.2,97392,,,Verified
BEL.N,31-JUL-2014,,End Of Day,,12.51,12.91,12.4,12.4,284644,,,Verified
BEL.N,01-AUG-2014,,End Of Day,,12.46,12.46,12.08,12.2,195158,,,Verified
BEL.N,02-AUG-2014,,End Of Day,No Trades,,,,,,,,Verified
BEL.N,03-AUG-2014,,End Of Day,No Trades,,,,,,,,Verified
BEL.N,04-AUG-2014,,End Of Day,,12.22,12.26,11.78,12.06,209734,,,Verified
BEL.N,05-AUG-2014,,End Of Day,,11.96,12.29,11.89,12.1,149841,,,Verified
BEL.N,06-AUG-2014,,End Of Day,,11.99,12.12,11.85,11.87,150824,,,Verified
BEL.N,07-AUG-2014,,End Of Day,,11.85,11.99,11.77,11.81,115163,,,Verified
BEL.N,08-AUG-2014,,End Of Day,,11.8,11.92,11.8,11.92,111272,,,Verified
BEL.N,09-AUG-2014,,End Of Day,No Trades,,,,,,,,Verified
BEL.N,10-AUG-2014,,End Of Day,No Trades,,,,,,,,Verified
BEL.N,11-AUG-2014,,End Of Day,,12.02,12.07,11.93,12,122346,,,Verified
BEL.N,12-AUG-2014,,End Of Day,,11.94,12.12,11.79,11.86,176309,,,Verified
BEL.N,13-AUG-2014,,End Of Day,,11.86,12.05,11.83,12,103929,,,Verified
BEL.N,14-AUG-2014,,End Of Day,,12.06,12.22,12.06,12.18,71734,,,Verified
BEL.N,15-AUG-2014,,End Of Day,,12.32,12.48,12.17,12.38,182221,,,Verified
BEL.N,16-AUG-2014,,End Of Day,No Trades,,,,,,,,Verified
BEL.N,17-AUG-2014,,End Of Day,No Trades,,,,,,,,Verified
VZ.N,02-DEC-1999,,End Of Day,,64.1875,65.875,63.9375,64.0625,2740500,,,Verified
VZ.N,03-DEC-1999,,End Of Day,,64.75,66.3125,64.75,66,3450400,,,Verified
VZ.N,04-DEC-1999,,End Of Day,No Trades,,,,,,,,Verified
VZ.N,05-DEC-1999,,End Of Day,No Trades,,,,,,,,Verified
VZ.N,06-DEC-1999,,End Of Day,,65,65.9375,63.6875,64.375,2592900,,,Verified
VZ.N,07-DEC-1999,,End Of Day,,65.1875,65.6875,63.75,63.75,2938400,,,Verified
VZ.N,08-DEC-1999,,End Of Day,,64.125,64.75,63.5625,63.8125,1582700,,,Verified
VZ.N,09-DEC-1999,,End Of Day,,64.0625,64.3125,63.5,64.25,2024000,,,Verified
VZ.N,10-DEC-1999,,End Of Day,,64.75,64.75,63.125,63.25,1537300,,,Verified
VZ.N,11-DEC-1999,,End Of Day,No Trades,,,,,,,,Verified
VZ.N,12-DEC-1999,,End Of Day,No Trades,,,,,,,,Verified
VZ.N,13-DEC-1999,,End Of Day,,63.0625,65.5625,62.75,65.3125,2581500,,,Verified
VZ.N,14-DEC-1999,,End Of Day,,64.5,65.5625,64.1875,64.625,2555600,,,Verified
VZ.N,15-DEC-1999,,End Of Day,,64.5,65.125,64.4375,64.6875,2421700,,,Verified
VZ.N,16-DEC-1999,,End Of Day,,64.5,64.75,63.5,64.375,3279800,,,Verified
VZ.N,17-DEC-1999,,End Of Day,,64.875,65.4375,64.375,64.9375,5468500,,,Verified
VZ.N,18-DEC-1999,,End Of Day,No Trades,,,,,,,,Verified
VZ.N,19-DEC-1999,,End Of Day,No Trades,,,,,,,,Verified
VZ.N,20-DEC-1999,,End Of Day,,64.9375,64.9375,64,64.375,2101500,,,Verified
VZ.N,21-DEC-1999,,End Of Day,,65.375,67.0625,64.9375,65.625,3996000,,,Verified
VZ_w.N,05-JUN-2010,,End Of Day,No Trades,,,,,,,,Verified
VZ_w.N,06-JUN-2010,,End Of Day,No Trades,,,,,,,,Verified
VZ_w.N,07-JUN-2010,,End Of Day,,25.45,25.63,25.4,25.4,233100,,,Verified
VZ_w.N,08-JUN-2010,,End Of Day,,25.4,25.87,25.4,25.87,98400,,,Verified
VZ_w.N,09-JUN-2010,,End Of Day,,26,26.1,25.95,25.95,2600,,,Verified
VZ_w.N,10-JUN-2010,,End Of Day,,26.5,26.5,26.5,26.5,4500,,,Verified
VZ_w.N,11-JUN-2010,,End Of Day,,26.65,26.65,26.65,26.65,2000,,,Verified
VZ_w.N,12-JUN-2010,,End Of Day,No Trades,,,,,,,,Verified
VZ_w.N,13-JUN-2010,,End Of Day,No Trades,,,,,,,,Verified
VZ_w.N,14-JUN-2010,,End Of Day,,26.85,26.85,26.85,26.85,8000,,,Verified
VZ_w.N,15-JUN-2010,,End Of Day,,27.1,27.3,27.1,27.25,11800,,,Verified
VZ_w.N,17-JUN-2010,,End Of Day,,27.2,27.2,27.05,27.2,7200,,,Verified
VZ_w.N,18-JUN-2010,,End Of Day,,27.4,27.5,27.4,27.5,2500,,,Verified
VZ_w.N,19-JUN-2010,,End Of Day,No Trades,,,,,,,,Verified
VZ_w.N,20-JUN-2010,,End Of Day,No Trades,,,,,,,,Verified
VZ_w.N,24-JUN-2010,,End Of Day,,27.15,27.34,27.05,27.34,2000,,,Verified
VZ_w.N,25-JUN-2010,,End Of Day,,26.9,27,26.9,27,400,,,Verified
VZ_w.N,26-JUN-2010,,End Of Day,No Trades,,,,,,,,Verified
VZ_w.N,27-JUN-2010,,End Of Day,No Trades,,,,,,,,Verified
VZ_w.N,29-JUN-2010,,End Of Day,,26.5,27.37,26.5,27.08,1800,,,Verified
AMP_w.N,18-FEB-2003,,End Of Day,No Trades,,,,,,,,Verified
AMP_w.N,19-FEB-2003,,End Of Day,No Trades,,,,,,,,Verified
AMP_w.N,20-FEB-2003,,End Of Day,No Trades,,,,,,,,Verified
AMP_w.N,21-FEB-2003,,End Of Day,No Trades,,,,,,,,Verified
AMP_w.N,22-FEB-2003,,End Of Day,No Trades,,,,,,,,Verified
AMP_w.N,23-FEB-2003,,End Of Day,No Trades,,,,,,,,Verified
AMP_w.N,24-FEB-2003,,End Of Day,No Trades,,,,,,,,Verified
AMP_w.N,25-FEB-2003,,End Of Day,No Trades,,,,,,,,Verified
AMP_w.N,26-FEB-2003,,End Of Day,No Trades,,,,,,,,Verified
AMP_w.N,27-FEB-2003,,End Of Day,No Trades,,,,,,,,Verified
AMP_w.N,28-FEB-2003,,End Of Day,No Trades,,,,,,,,Verified
AMP_w.N,01-MAR-2003,,End Of Day,No Trades,,,,,,,,Verified
AMP_w.N,02-MAR-2003,,End Of Day,No Trades,,,,,,,,Verified
AMP_w.N,03-MAR-2003,,End Of Day,No Trades,,,,,,,,Verified
AMP_w.N,04-MAR-2003,,End Of Day,No Trades,,,,,,,,Verified
AMP_w.N,05-MAR-2003,,End Of Day,No Trades,,,,,,,,Verified
AMP_w.N,06-MAR-2003,,End Of Day,No Trades,,,,,,,,Verified
AMP_w.N,07-MAR-2003,,End Of Day,No Trades,,,,,,,,Verified
AMP_w.N,08-MAR-2003,,End Of Day,No Trades,,,,,,,,Verified
AMP_w.N,09-MAR-2003,,End Of Day,No Trades,,,,,,,,Verified
AMP.N,16-SEP-2005,,End Of Day,,37,37,36.6,36.6,62400,,,Verified
AMP.N,17-SEP-2005,,End Of Day,No Trades,,,,,,,,Verified
AMP.N,18-SEP-2005,,End Of Day,No Trades,,,,,,,,Verified
AMP.N,19-SEP-2005,,End Of Day,,36.6,36.7,36.45,36.7,912300,,,Verified
AMP.N,20-SEP-2005,,End Of Day,,36.6,37,36.6,36.7,639200,,,Verified
AMP.N,21-SEP-2005,,End Of Day,,36.6,36.6,36,36.4,344100,,,Verified
AMP.N,22-SEP-2005,,End Of Day,,36.4,37.2,36.4,37.2,692700,,,Verified
AMP.N,23-SEP-2005,,End Of Day,,37.2,38.1,37.2,37.68,1234900,,,Verified
AMP.N,24-SEP-2005,,End Of Day,No Trades,,,,,,,,Verified
AMP.N,25-SEP-2005,,End Of Day,No Trades,,,,,,,,Verified
AMP.N,26-SEP-2005,,End Of Day,,37.75,38.15,37.75,37.75,673400,,,Verified
AMP.N,27-SEP-2005,,End Of Day,,37.75,37.9,37.14,37.25,1510700,,,Verified
AMP.N,28-SEP-2005,,End Of Day,,37.24,37.4,36.8,37,874600,,,Verified
AMP.N,29-SEP-2005,,End Of Day,,36.91,36.91,36.25,36.6,2315800,,,Verified
AMP.N,30-SEP-2005,,End Of Day,,36.6,36.6,35.6,35.8,2939400,,,Verified
AMP.N,01-OCT-2005,,End Of Day,No Trades,,,,,,,,Verified
AMP.N,02-OCT-2005,,End Of Day,No Trades,,,,,,,,Verified
AMP.N,03-OCT-2005,,End Of Day,,35.3,35.9,34.17,34.7,8538300,,,Verified
AMP.N,04-OCT-2005,,End Of Day,,34,34.3,33.25,33.9,7031600,,,Verified
AMP.N,05-OCT-2005,,End Of Day,,34,34.1,33.32,33.65,5203600,,,Verified
BBI.N,02-DEC-1999,,End Of Day,,15.75,16.375,15.6875,16,129400,,,Verified
BBI.N,03-DEC-1999,,End Of Day,,15.9375,16.1875,15.5625,15.5625,62500,,,Verified
BBI.N,04-DEC-1999,,End Of Day,No Trades,,,,,,,,Verified
BBI.N,05-DEC-1999,,End Of Day,No Trades,,,,,,,,Verified
BBI.N,06-DEC-1999,,End Of Day,,15.4375,15.4375,14.9375,14.9375,210800,,,Verified
BBI.N,07-DEC-1999,,End Of Day,,14.9375,15,14.0625,14.625,261400,,,Verified
BBI.N,08-DEC-1999,,End Of Day,,14.375,15.25,14.375,15.1875,213900,,,Verified
BBI.N,09-DEC-1999,,End Of Day,,15.125,16.125,15.125,15.5,350600,,,Verified
BBI.N,10-DEC-1999,,End Of Day,,15.625,15.875,15.5625,15.75,420800,,,Verified
BBI.N,11-DEC-1999,,End Of Day,No Trades,,,,,,,,Verified
BBI.N,12-DEC-1999,,End Of Day,No Trades,,,,,,,,Verified
BBI.N,13-DEC-1999,,End Of Day,,15.8125,16.0625,15.75,15.75,407700,,,Verified
BBI.N,14-DEC-1999,,End Of Day,,15.75,16,15.75,16,604600,,,Verified
BBI.N,15-DEC-1999,,End Of Day,,15.9375,16.4375,15.9375,16.25,274300,,,Verified
BBI.N,16-DEC-1999,,End Of Day,,16.25,16.4375,15.5625,15.625,220500,,,Verified
BBI.N,17-DEC-1999,,End Of Day,,15.5,15.8125,15.3125,15.4375,416800,,,Verified
BBI.N,18-DEC-1999,,End Of Day,No Trades,,,,,,,,Verified
BBI.N,19-DEC-1999,,End Of Day,No Trades,,,,,,,,Verified
BBI.N,20-DEC-1999,,End Of Day,,15.1875,15.6875,15.1875,15.375,371300,,,Verified
BBI.N,21-DEC-1999,,End Of Day,,15.25,15.6875,15.1875,15.6875,201600,,,Verified
BAC.N,02-DEC-1999,,End Of Day,,57.375,58.1875,55.5,56.375,5080800,,,Verified
BAC.N,03-DEC-1999,,End Of Day,,57.375,58.25,57.1875,57.4375,6098500,,,Verified
BAC.N,04-DEC-1999,,End Of Day,No Trades,,,,,,,,Verified
BAC.N,05-DEC-1999,,End Of Day,No Trades,,,,,,,,Verified
BAC.N,06-DEC-1999,,End Of Day,,56.125,56.8125,54.5,54.75,5796500,,,Verified
BAC.N,07-DEC-1999,,End Of Day,,54.8125,54.9375,52.5,52.5,8827700,,,Verified
BAC.N,08-DEC-1999,,End Of Day,,50.125,51.5625,50.125,50.6875,8647500,,,Verified
BAC.N,09-DEC-1999,,End Of Day,,50.9375,51.3125,49.0625,50.9375,8111500,,,Verified
BAC.N,10-DEC-1999,,End Of Day,,52,54.5,52,53.5625,6710700,,,Verified
BAC.N,11-DEC-1999,,End Of Day,No Trades,,,,,,,,Verified
BAC.N,12-DEC-1999,,End Of Day,No Trades,,,,,,,,Verified
BAC.N,13-DEC-1999,,End Of Day,,53,53.125,52.0625,52.625,4238300,,,Verified
BAC.N,14-DEC-1999,,End Of Day,,52,52.1875,50.625,51.125,5009700,,,Verified
BAC.N,15-DEC-1999,,End Of Day,,51.0625,51.5,49.6875,49.75,6131000,,,Verified
BAC.N,16-DEC-1999,,End Of Day,,49.9375,50.375,48.875,50.0625,6608300,,,Verified
BAC.N,17-DEC-1999,,End Of Day,,50,50.375,48.375,48.5625,10752600,,,Verified
BAC.N,18-DEC-1999,,End Of Day,No Trades,,,,,,,,Verified
BAC.N,19-DEC-1999,,End Of Day,No Trades,,,,,,,,Verified
BAC.N,20-DEC-1999,,End Of Day,,48.9375,49.5625,48,48.0625,4765300,,,Verified
BAC.N,21-DEC-1999,,End Of Day,,47.8125,51,47.625,49.4375,6358200,,,Verified
CHV.N,02-DEC-1999,,End Of Day,,91.875,92.375,90,90.875,1231600,,,Raw
CHV.N,03-DEC-1999,,End Of Day,,91.75,92.75,90.0625,90.9375,904100,,,Raw
CHV.N,04-DEC-1999,,End Of Day,No Trades,,,,,,,,Raw
CHV.N,05-DEC-1999,,End Of Day,No Trades,,,,,,,,Raw
CHV.N,06-DEC-1999,,End Of Day,,90.3125,91.6875,90.3125,91,709800,,,Raw
CHV.N,07-DEC-1999,,End Of Day,,91.0625,91.0625,89.5625,89.9375,1706000,,,Raw
CHV.N,08-DEC-1999,,End Of Day,,88.25,91.1875,87.5,90.5,1567700,,,Raw
CHV.N,09-DEC-1999,,End Of Day,,91,92.5,91,92.25,1078700,,,Raw
CHV.N,10-DEC-1999,,End Of Day,,91.5,91.6875,90.5,90.75,1212900,,,Raw
CHV.N,11-DEC-1999,,End Of Day,No Trades,,,,,,,,Raw
CHV.N,12-DEC-1999,,End Of Day,No Trades,,,,,,,,Raw
CHV.N,13-DEC-1999,,End Of Day,,90.6875,90.75,88.5625,88.5625,1360900,,,Raw
CHV.N,14-DEC-1999,,End Of Day,,87.875,89.875,87.8125,87.8125,1694200,,,Raw
CHV.N,15-DEC-1999,,End Of Day,,88.375,91.75,88.375,89.9375,1068300,,,Raw
CHV.N,16-DEC-1999,,End Of Day,,89.9375,89.9375,88.8125,89.4375,1129100,,,Raw
CHV.N,17-DEC-1999,,End Of Day,,89.375,89.9375,87.5,87.5,2192500,,,Raw
CHV.N,18-DEC-1999,,End Of Day,No Trades,,,,,,,,Raw
CHV.N,19-DEC-1999,,End Of Day,No Trades,,,,,,,,Raw
CHV.N,20-DEC-1999,,End Of Day,,87.5,88,85,85.3125,984000,,,Raw
CHV.N,21-DEC-1999,,End Of Day,,85.3125,87,85.125,85.4375,1082500,,,Raw
CVX.N,02-DEC-1999,,End Of Day,,91.875,92.375,90,90.875,1231600,,,Verified
CVX.N,03-DEC-1999,,End Of Day,,91.75,92.75,90.0625,90.9375,904100,,,Verified
CVX.N,04-DEC-1999,,End Of Day,No Trades,,,,,,,,Verified
CVX.N,05-DEC-1999,,End Of Day,No Trades,,,,,,,,Verified
CVX.N,06-DEC-1999,,End Of Day,,90.3125,91.6875,90.3125,91,709800,,,Verified
CVX.N,07-DEC-1999,,End Of Day,,91.0625,91.0625,89.5625,89.9375,1706000,,,Verified
CVX.N,08-DEC-1999,,End Of Day,,88.25,91.1875,87.5,90.5,1567700,,,Verified
CVX.N,09-DEC-1999,,End Of Day,,91,92.5,91,92.25,1078700,,,Verified
CVX.N,10-DEC-1999,,End Of Day,,91.5,91.6875,90.5,90.75,1212900,,,Verified
CVX.N,11-DEC-1999,,End Of Day,No Trades,,,,,,,,Verified
CVX.N,12-DEC-1999,,End Of Day,No Trades,,,,,,,,Verified
CVX.N,13-DEC-1999,,End Of Day,,90.6875,90.75,88.5625,88.5625,1360900,,,Verified
CVX.N,14-DEC-1999,,End Of Day,,87.875,89.875,87.8125,87.8125,1694200,,,Verified
CVX.N,15-DEC-1999,,End Of Day,,88.375,91.75,88.375,89.9375,1068300,,,Verified
CVX.N,16-DEC-1999,,End Of Day,,89.9375,89.9375,88.8125,89.4375,1129100,,,Verified
CVX.N,17-DEC-1999,,End Of Day,,89.375,89.9375,87.5,87.5,2192500,,,Verified
CVX.N,18-DEC-1999,,End Of Day,No Trades,,,,,,,,Verified
CVX.N,19-DEC-1999,,End Of Day,No Trades,,,,,,,,Verified
CVX.N,20-DEC-1999,,End Of Day,,87.5,88,85,85.3125,984000,,,Verified
CVX.N,21-DEC-1999,,End Of Day,,85.3125,87,85.125,85.4375,1082500,,,Verified
CVX_w.N,18-AUG-2004,,End Of Day,No Trades,,,,,,,,Raw
CVX_w.N,19-AUG-2004,,End Of Day,No Trades,,,,,,,,Raw
CVX_w.N,20-AUG-2004,,End Of Day,No Trades,,,,,,,,Raw
CVX_w.N,21-AUG-2004,,End Of Day,No Trades,,,,,,,,Raw
CVX_w.N,22-AUG-2004,,End Of Day,No Trades,,,,,,,,Raw
CVX_w.N,23-AUG-2004,,End Of Day,,47.15,47.15,47.15,47.15,200,,,Raw
CVX_w.N,24-AUG-2004,,End Of Day,No Trades,,,,,,,,Raw
CVX_w.N,25-AUG-2004,,End Of Day,No Trades,,,,,,,,Raw
CVX_w.N,26-AUG-2004,,End Of Day,No Trades,,,,,,,,Raw
CVX_w.N,27-AUG-2004,,End Of Day,No Trades,,,,,,,,Raw
CVX_w.N,28-AUG-2004,,End Of Day,No Trades,,,,,,,,Raw
CVX_w.N,29-AUG-2004,,End Of Day,No Trades,,,,,,,,Raw
CVX_w.N,30-AUG-2004,,End Of Day,No Trades,,,,,,,,Raw
CVX_w.N,31-AUG-2004,,End Of Day,,48.1,48.1,48.1,48.1,200,,,Raw
CVX_w.N,01-SEP-2004,,End Of Day,No Trades,,,,,,,,Raw
CVX_w.N,02-SEP-2004,,End Of Day,No Trades,,,,,,,,Raw
CVX_w.N,03-SEP-2004,,End Of Day,No Trades,,,,,,,,Raw
CVX_w.N,04-SEP-2004,,End Of Day,No Trades,,,,,,,,Raw
CVX_w.N,05-SEP-2004,,End Of Day,No Trades,,,,,,,,Raw
CVX_w.N,06-SEP-2004,,End Of Day,No Trades,,,,,,,,Raw
KFT_w.N,14-MAR-2007,,End Of Day,,30.81,30.93,29.79,29.8,2041600,,,Verified
KFT_w.N,15-MAR-2007,,End Of Day,,29.81,30.79,29.71,30.41,1567500,,,Verified
KFT_w.N,16-MAR-2007,,End Of Day,,30.21,30.33,30.13,30.21,1257500,,,Verified
KFT_w.N,17-MAR-2007,,End Of Day,No Trades,,,,,,,,Verified
KFT_w.N,18-MAR-2007,,End Of Day,No Trades,,,,,,,,Verified
KFT_w.N,19-MAR-2007,,End Of Day,,30.31,30.86,30.13,30.6,899100,,,Verified
KFT_w.N,20-MAR-2007,,End Of Day,,30.7,31.45,30.7,31.29,1654100,,,Verified
KFT_w.N,21-MAR-2007,,End Of Day,,31.2,31.41,31,31.25,953200,,,Verified
KFT_w.N,22-MAR-2007,,End Of Day,,31.1,31.81,30.8,31.8,1542400,,,Verified
KFT_w.N,23-MAR-2007,,End Of Day,,32.03,32.21,31.72,31.95,537300,,,Verified
KFT_w.N,24-MAR-2007,,End Of Day,No Trades,,,,,,,,Verified
KFT_w.N,25-MAR-2007,,End Of Day,No Trades,,,,,,,,Verified
KFT_w.N,26-MAR-2007,,End Of Day,,31.88,32,31.7,31.86,1854100,,,Verified
KFT_w.N,27-MAR-2007,,End Of Day,,31.95,31.95,31.45,31.62,1110000,,,Verified
KFT_w.N,28-MAR-2007,,End Of Day,,31.43,31.57,31.04,31.3,2311500,,,Verified
KFT_w.N,29-MAR-2007,,End Of Day,,31.38,31.74,31.28,31.49,1830400,,,Verified
KFT_w.N,30-MAR-2007,,End Of Day,,31.5,31.85,31.04,31.71,8016000,,,Verified
KFT_w.N,31-MAR-2007,,End Of Day,No Trades,,,,,,,,Verified
KFT_w.N,01-APR-2007,,End Of Day,No Trades,,,,,,,,Verified
KFT_w.N,02-APR-2007,,End Of Day,No Trades,,,,,,,,Verified
KFT.N,10-JUN-2001,,End Of Day,No Trades,,,,,,,,Verified
KFT.N,13-JUN-2001,,End Of Day,,31.5,31.96,31.1,31.25,64998700,,,Verified
KFT.N,14-JUN-2001,,End Of Day,,30.5,30.5,29.5,30.15,28640400,,,Verified
KFT.N,15-JUN-2001,,End Of Day,,30,30.75,29.99,30.6,12878700,,,Verified
KFT.N,16-JUN-2001,,End Of Day,No Trades,,,,,,,,Verified
KFT.N,17-JUN-2001,,End Of Day,No Trades,,,,,,,,Verified
KFT.N,18-JUN-2001,,End Of Day,,30.5,30.6,30.11,30.32,3636900,,,Verified
KFT.N,19-JUN-2001,,End Of Day,,30.6,30.7,30.21,30.4,5013400,,,Verified
KFT.N,20-JUN-2001,,End Of Day,,30.4,30.59,30.18,30.3,3095900,,,Verified
KFT.N,21-JUN-2001,,End Of Day,,30.35,30.35,30,30,5406600,,,Verified
KFT.N,22-JUN-2001,,End Of Day,,30,30.02,29.77,30,4028600,,,Verified
KFT.N,23-JUN-2001,,End Of Day,No Trades,,,,,,,,Verified
KFT.N,24-JUN-2001,,End Of Day,No Trades,,,,,,,,Verified
KFT.N,25-JUN-2001,,End Of Day,,30,30.15,29.85,30.15,2241100,,,Verified
KFT.N,26-JUN-2001,,End Of Day,,30,30.06,29.82,30.04,2605700,,,Verified
KFT.N,27-JUN-2001,,End Of Day,,29.95,30,29.82,29.94,2879000,,,Verified
KFT.N,28-JUN-2001,,End Of Day,,29.98,30.44,29.98,30.41,2327000,,,Verified
KFT.N,29-JUN-2001,,End Of Day,,30.5,31,30.35,31,5445300,,,Verified
KFT.N,30-JUN-2001,,End Of Day,No Trades,,,,,,,,Verified
KFT.N,01-JUL-2001,,End Of Day,No Trades,,,,,,,,Verified
KFT.O,27-JUN-2012,,End Of Day,,37.71,37.71,37.32,37.41,9174932,,,Verified
KFT.O,28-JUN-2012,,End Of Day,,37.29,37.75,37.1,37.7,7302071,,,Verified
KFT.O,29-JUN-2012,,End Of Day,,38.1,38.62,37.92,38.62,10282695,,,Verified
KFT.O,30-JUN-2012,,End Of Day,No Trades,,,,,,,,Verified
KFT.O,01-JUL-2012,,End Of Day,No Trades,,,,,,,,Verified
KFT.O,02-JUL-2012,,End Of Day,,38.32,38.9,38.26,38.885,8676154,,,Verified
KFT.O,03-JUL-2012,,End Of Day,,38.85,39.3,38.77,39.21,8446196,,,Verified
KFT.O,04-JUL-2012,,End Of Day,No Trades,,,,,,,,Verified
KFT.O,05-JUL-2012,,End Of Day,,39.18,39.49,39.07,39.07,7290044,,,Verified
KFT.O,06-JUL-2012,,End Of Day,,39.05,39.2,38.88,38.98,6090948,,,Verified
KFT.O,07-JUL-2012,,End Of Day,No Trades,,,,,,,,Verified
KFT.O,08-JUL-2012,,End Of Day,No Trades,,,,,,,,Verified
KFT.O,09-JUL-2012,,End Of Day,,38.92,39.05,38.7925,39.03,7043628,,,Verified
KFT.O,10-JUL-2012,,End Of Day,,39.3,39.745,39.21,39.41,13837611,,,Verified
KFT.O,11-JUL-2012,,End Of Day,,39.4,39.59,39.22,39.37,8365120,,,Verified
KFT.O,12-JUL-2012,,End Of Day,,39.03,39.19,38.96,39.11,8213372,,,Verified
KFT.O,13-JUL-2012,,End Of Day,,39.07,39.75,39.03,39.71,7095466,,,Verified
KFT.O,14-JUL-2012,,End Of Day,No Trades,,,,,,,,Verified
KFT.O,15-JUL-2012,,End Of Day,No Trades,,,,,,,,Verified
KFT.O,16-JUL-2012,,End Of Day,,39.92,39.94,39.42,39.58,7759470,,,Verified
ROV.N,02-DEC-1999,,End Of Day,,24,24.125,23.875,23.9375,11000,,,Raw
ROV.N,03-DEC-1999,,End Of Day,,23.875,23.875,23.5,23.5625,38800,,,Raw
ROV.N,04-DEC-1999,,End Of Day,No Trades,,,,,,,,Raw
ROV.N,05-DEC-1999,,End Of Day,No Trades,,,,,,,,Raw
ROV.N,06-DEC-1999,,End Of Day,,23.4375,23.4375,21.875,21.875,56300,,,Raw
ROV.N,07-DEC-1999,,End Of Day,,21.875,21.875,19.5,19.75,207400,,,Raw
ROV.N,08-DEC-1999,,End Of Day,,19.6875,20.25,18.5,19.25,340500,,,Raw
ROV.N,09-DEC-1999,,End Of Day,,19.1875,19.4375,17.25,17.5,198800,,,Raw
ROV.N,10-DEC-1999,,End Of Day,,17.75,18,17.1875,18,273900,,,Raw
ROV.N,11-DEC-1999,,End Of Day,No Trades,,,,,,,,Raw
ROV.N,12-DEC-1999,,End Of Day,No Trades,,,,,,,,Raw
ROV.N,13-DEC-1999,,End Of Day,,18,18,16.9375,17.3125,172700,,,Raw
ROV.N,14-DEC-1999,,End Of Day,,17.3125,17.3125,16.9375,17.125,280600,,,Raw
ROV.N,15-DEC-1999,,End Of Day,,17.3125,17.625,17,17.125,178400,,,Raw
ROV.N,16-DEC-1999,,End Of Day,,17.5,18.125,16.875,18,399200,,,Raw
ROV.N,17-DEC-1999,,End Of Day,,18,19.4375,17.75,19.375,115400,,,Raw
ROV.N,18-DEC-1999,,End Of Day,No Trades,,,,,,,,Raw
ROV.N,19-DEC-1999,,End Of Day,No Trades,,,,,,,,Raw
ROV.N,20-DEC-1999,,End Of Day,,19.5,19.5,18.5,18.875,73400,,,Raw
ROV.N,21-DEC-1999,,End Of Day,,19.0625,19.1875,18.5,18.625,110000,,,Raw
SPC.N,02-DEC-1999,,End Of Day,,24,24.125,23.875,23.9375,11000,,,Verified
SPC.N,03-DEC-1999,,End Of Day,,23.875,23.875,23.5,23.5625,38800,,,Verified
SPC.N,04-DEC-1999,,End Of Day,No Trades,,,,,,,,Verified
SPC.N,05-DEC-1999,,End Of Day,No Trades,,,,,,,,Verified
SPC.N,06-DEC-1999,,End Of Day,,23.4375,23.4375,21.875,21.875,56300,,,Verified
SPC.N,07-DEC-1999,,End Of Day,,21.875,21.875,19.5,19.75,207400,,,Verified
SPC.N,08-DEC-1999,,End Of Day,,19.6875,20.25,18.5,19.25,340500,,,Verified
SPC.N,09-DEC-1999,,End Of Day,,19.1875,19.4375,17.25,17.5,198800,,,Verified
SPC.N,10-DEC-1999,,End Of Day,,17.75,18,17.1875,18,273900,,,Verified
SPC.N,11-DEC-1999,,End Of Day,No Trades,,,,,,,,Verified
SPC.N,12-DEC-1999,,End Of Day,No Trades,,,,,,,,Verified
SPC.N,13-DEC-1999,,End Of Day,,18,18,16.9375,17.3125,172700,,,Verified
SPC.N,14-DEC-1999,,End Of Day,,17.3125,17.3125,16.9375,17.125,280600,,,Verified
SPC.N,15-DEC-1999,,End Of Day,,17.3125,17.625,17,17.125,178400,,,Verified
SPC.N,16-DEC-1999,,End Of Day,,17.5,18.125,16.875,18,399200,,,Verified
SPC.N,17-DEC-1999,,End Of Day,,18,19.4375,17.75,19.375,115400,,,Verified
SPC.N,18-DEC-1999,,End Of Day,No Trades,,,,,,,,Verified
SPC.N,19-DEC-1999,,End Of Day,No Trades,,,,,,,,Verified
SPC.N,20-DEC-1999,,End Of Day,,19.5,19.5,18.5,18.875,73400,,,Verified
SPC.N,21-DEC-1999,,End Of Day,,19.0625,19.1875,18.5,18.625,110000,,,Verified
TRV.N,02-DEC-1999,,End Of Day,,31,31.5,31,31.5,448800,,,Verified
TRV.N,03-DEC-1999,,End Of Day,,32,32.9375,31.625,31.75,690200,,,Verified
TRV.N,04-DEC-1999,,End Of Day,No Trades,,,,,,,,Verified
TRV.N,05-DEC-1999,,End Of Day,No Trades,,,,,,,,Verified
TRV.N,06-DEC-1999,,End Of Day,,31.875,31.875,30.75,31,393100,,,Verified
TRV.N,07-DEC-1999,,End Of Day,,30.375,31.1875,30.375,30.5,419800,,,Verified
TRV.N,08-DEC-1999,,End Of Day,,30.5,31.1875,30.5,30.75,476100,,,Verified
TRV.N,09-DEC-1999,,End Of Day,,30.8125,30.875,30.1875,30.6875,467500,,,Verified
TRV.N,10-DEC-1999,,End Of Day,,30.6875,31.75,30.6875,31.5,337600,,,Verified
TRV.N,11-DEC-1999,,End Of Day,No Trades,,,,,,,,Verified
TRV.N,12-DEC-1999,,End Of Day,No Trades,,,,,,,,Verified
TRV.N,13-DEC-1999,,End Of Day,,31.5,32.1875,31.125,31.75,677900,,,Verified
TRV.N,14-DEC-1999,,End Of Day,,31.5,32.125,31.375,32.125,655600,,,Verified
TRV.N,15-DEC-1999,,End Of Day,,31.9375,32.625,31.9375,32.25,655400,,,Verified
TRV.N,16-DEC-1999,,End Of Day,,32,32.9375,32,32.5,603300,,,Verified
TRV.N,17-DEC-1999,,End Of Day,,33,33.125,32.8125,33.0625,923300,,,Verified
TRV.N,18-DEC-1999,,End Of Day,No Trades,,,,,,,,Verified
TRV.N,19-DEC-1999,,End Of Day,No Trades,,,,,,,,Verified
TRV.N,20-DEC-1999,,End Of Day,,32.75,32.875,32,32.0625,693500,,,Verified
TRV.N,21-DEC-1999,,End Of Day,,32.5,33.1875,32.5,33,916800,,,Verified
CSCO.O,02-DEC-1999,,End Of Day,,92.875,93.75,91.4375,93.5,19698100,,,Verified
CSCO.O,03-DEC-1999,,End Of Day,,94.875,97,94,95.5625,24897700,,,Verified
CSCO.O,04-DEC-1999,,End Of Day,No Trades,,,,,,,,Verified
CSCO.O,05-DEC-1999,,End Of Day,No Trades,,,,,,,,Verified
CSCO.O,06-DEC-1999,,End Of Day,,96,98.875,95.3125,98.25,18425400,,,Verified
CSCO.O,07-DEC-1999,,End Of Day,,100.9375,102.4375,100.0625,101.5,27957300,,,Verified
CSCO.O,08-DEC-1999,,End Of Day,,102,103,99,99.9375,20833800,,,Verified
CSCO.O,09-DEC-1999,,End Of Day,,101.9375,102,96,98.625,24285000,,,Verified
CSCO.O,10-DEC-1999,,End Of Day,,99.875,100.125,96.625,99.8125,16628300,,,Verified
CSCO.O,11-DEC-1999,,End Of Day,No Trades,,,,,,,,Verified
CSCO.O,12-DEC-1999,,End Of Day,No Trades,,,,,,,,Verified
CSCO.O,13-DEC-1999,,End Of Day,,100,101.75,98.25,101.1875,18419100,,,Verified
CSCO.O,14-DEC-1999,,End Of Day,,100.9375,101.5625,97.75,97.9375,20955300,,,Verified
CSCO.O,15-DEC-1999,,End Of Day,,95.25,96.5,92.875,95.875,45387100,,,Verified
CSCO.O,16-DEC-1999,,End Of Day,,98.39063,98.75,97.0625,97.875,21339100,,,Verified
CSCO.O,17-DEC-1999,,End Of Day,,100.75,100.76563,98.75,99.6875,28551200,,,Verified
CSCO.O,18-DEC-1999,,End Of Day,No Trades,,,,,,,,Verified
CSCO.O,19-DEC-1999,,End Of Day,No Trades,,,,,,,,Verified
CSCO.O,20-DEC-1999,,End Of Day,,100.75,103.5625,100.0625,103.25,19030100,,,Verified
CSCO.O,21-DEC-1999,,End Of Day,,104.0625,104.5,101.875,104,19780400,,,Verified
CSCO.OQ,02-NOV-2001,,End Of Day,,17.54,17.67,17,17.26,72022500,,,Verified
CSCO.OQ,03-NOV-2001,,End Of Day,No Trades,,,,,,,,Verified
CSCO.OQ,04-NOV-2001,,End Of Day,No Trades,,,,,,,,Verified
CSCO.OQ,05-NOV-2001,,End Of Day,,17.86,17.99,17.599,17.9,106108200,,,Verified
CSCO.OQ,06-NOV-2001,,End Of Day,,18.23,18.65,17.92,18.47,123945600,,,Verified
CSCO.OQ,07-NOV-2001,,End Of Day,,18.3,19.47,18.24,18.93,119654700,,,Verified
CSCO.OQ,08-NOV-2001,,End Of Day,,19.24,19.89,18.91,19.09,122089000,,,Verified
CSCO.OQ,09-NOV-2001,,End Of Day,,18.99,19.37,18.82,19.2,61661800,,,Verified
CSCO.OQ,10-NOV-2001,,End Of Day,No Trades,,,,,,,,Verified
CSCO.OQ,11-NOV-2001,,End Of Day,No Trades,,,,,,,,Verified
CSCO.OQ,12-NOV-2001,,End Of Day,,19.18,19.35,18.5,19.26,71425700,,,Verified
CSCO.OQ,13-NOV-2001,,End Of Day,,19.89,19.96,19.1,19.58,108643800,,,Verified
CSCO.OQ,14-NOV-2001,,End Of Day,,19.82,19.99,19.37,19.89,75226100,,,Verified
CSCO.OQ,15-NOV-2001,,End Of Day,,19.77,20.21,19.71,20.14,80746900,,,Verified
CSCO.OQ,16-NOV-2001,,End Of Day,,20.1,20.1,19.69,20.02,53371300,,,Verified
CSCO.OQ,17-NOV-2001,,End Of Day,No Trades,,,,,,,,Verified
CSCO.OQ,18-NOV-2001,,End Of Day,No Trades,,,,,,,,Verified
CSCO.OQ,19-NOV-2001,,End Of Day,,20.14,20.72,20.06,20.71,64166100,,,Verified
CSCO.OQ,20-NOV-2001,,End Of Day,,20.59,20.77,19.6,19.79,72911700,,,Verified
CSCO.OQ,21-NOV-2001,,End Of Day,,19.61,19.7,18.7,19.15,69426300,,,Verified
KFT.OQ,27-JUN-2012,,End Of Day,,37.58,37.66,37.32,37.41,2490641,,,Verified
KFT.OQ,28-JUN-2012,,End Of Day,,37.29,37.745,37.1,37.7,2000284,,,Verified
KFT.OQ,29-JUN-2012,,End Of Day,,38.1,38.62,37.92,38.62,3510184,,,Verified
KFT.OQ,30-JUN-2012,,End Of Day,No Trades,,,,,,,,Verified
KFT.OQ,01-JUL-2012,,End Of Day,No Trades,,,,,,,,Verified
KFT.OQ,02-JUL-2012,,End Of Day,,38.32,38.9,38.26,38.9,2667874,,,Verified
KFT.OQ,03-JUL-2012,,End Of Day,,38.85,39.3,38.77,39.21,1992811,,,Verified
KFT.OQ,04-JUL-2012,,End Of Day,No Trades,,,,,,,,Verified
KFT.OQ,05-JUL-2012,,End Of Day,,39.42,39.49,39.07,39.07,2089993,,,Verified
KFT.OQ,06-JUL-2012,,End Of Day,,39.05,39.2,38.88,38.98,1740724,,,Verified
KFT.OQ,07-JUL-2012,,End Of Day,No Trades,,,,,,,,Verified
KFT.OQ,08-JUL-2012,,End Of Day,No Trades,,,,,,,,Verified
KFT.OQ,09-JUL-2012,,End Of Day,,38.92,39.045,38.8,39.03,1908084,,,Verified
KFT.OQ,10-JUL-2012,,End Of Day,,39.3,39.74,39.21,39.41,3557992,,,Verified
KFT.OQ,11-JUL-2012,,End Of Day,,39.4,39.58,39.22,39.37,2690769,,,Verified
KFT.OQ,12-JUL-2012,,End Of Day,,39.04,39.185,38.965,39.11,2198419,,,Verified
KFT.OQ,13-JUL-2012,,End Of Day,,39.07,39.75,39.04,39.71,2067415,,,Verified
KFT.OQ,14-JUL-2012,,End Of Day,No Trades,,,,,,,,Verified
KFT.OQ,15-JUL-2012,,End Of Day,No Trades,,,,,,,,Verified
KFT.OQ,16-JUL-2012,,End Of Day,,39.9,39.94,39.42,39.58,2115255,,,Verified
MDLZ.OQ,03-OCT-2012,,End Of Day,,28.24,28.29,27.73,27.83,5963240,,,Verified
MDLZ.OQ,04-OCT-2012,,End Of Day,,27.97,28.21,27.92,28.07,3456126,,,Verified
MDLZ.OQ,05-OCT-2012,,End Of Day,,28.25,28.37,27.74,27.81,3589538,,,Verified
MDLZ.OQ,06-OCT-2012,,End Of Day,No Trades,,,,,,,,Verified
MDLZ.OQ,07-OCT-2012,,End Of Day,No Trades,,,,,,,,Verified
MDLZ.OQ,08-OCT-2012,,End Of Day,,27.85,27.9,27.49,27.55,2840983,,,Verified
MDLZ.OQ,09-OCT-2012,,End Of Day,,27.55,27.62,27.28,27.36,3514140,,,Verified
MDLZ.OQ,10-OCT-2012,,End Of Day,,27.31,27.465,27.1,27.25,4146352,,,Verified
MDLZ.OQ,11-OCT-2012,,End Of Day,,27.38,27.405,27.15,27.24,3143220,,,Verified
MDLZ.OQ,12-OCT-2012,,End Of Day,,27.36,27.39,27.16,27.22,3013362,,,Verified
MDLZ.OQ,13-OCT-2012,,End Of Day,No Trades,,,,,,,,Verified
MDLZ.OQ,14-OCT-2012,,End Of Day,No Trades,,,,,,,,Verified
MDLZ.OQ,15-OCT-2012,,End Of Day,,27.48,27.5,27.2,27.22,2366264,,,Verified
MDLZ.OQ,16-OCT-2012,,End Of Day,,27.5,27.5,26.95,27.17,2859942,,,Verified
MDLZ.OQ,17-OCT-2012,,End Of Day,,27.15,27.5,27.15,27.45,2852354,,,Verified
MDLZ.OQ,18-OCT-2012,,End Of Day,,27.49,27.56,27.35,27.41,1881109,,,Verified
MDLZ.OQ,19-OCT-2012,,End Of Day,,27.4,27.44,26.92,27,5925462,,,Verified
MDLZ.OQ,20-OCT-2012,,End Of Day,No Trades,,,,,,,,Verified
MDLZ.OQ,21-OCT-2012,,End Of Day,No Trades,,,,,,,,Verified
MDLZ.OQ,22-OCT-2012,,End Of Day,,27,27.13,26.86,27,2243785,,,Verified
UNH_w.N,30-NOV-2000,,End Of Day,No Trades,,,,,,,,Raw
UNH_w.N,01-DEC-2000,,End Of Day,No Trades,,,,,,,,Raw
UNH_w.N,02-DEC-2000,,End Of Day,No Trades,,,,,,,,Raw
UNH_w.N,03-DEC-2000,,End Of Day,No Trades,,,,,,,,Raw
UNH_w.N,04-DEC-2000,,End Of Day,No Trades,,,,,,,,Raw
UNH_w.N,05-DEC-2000,,End Of Day,No Trades,,,,,,,,Raw
UNH_w.N,06-DEC-2000,,End Of Day,,60,60,60,60,1000,,,Raw
UNH_w.N,07-DEC-2000,,End Of Day,No Trades,,,,,,,,Raw
UNH_w.N,08-DEC-2000,,End Of Day,,60,60,60,60,1000,,,Raw
UNH_w.N,09-DEC-2000,,End Of Day,No Trades,,,,,,,,Raw
UNH_w.N,10-DEC-2000,,End Of Day,No Trades,,,,,,,,Raw
UNH_w.N,11-DEC-2000,,End Of Day,No Trades,,,,,,,,Raw
UNH_w.N,12-DEC-2000,,End Of Day,No Trades,,,,,,,,Raw
UNH_w.N,13-DEC-2000,,End Of Day,No Trades,,,,,,,,Raw
UNH_w.N,14-DEC-2000,,End Of Day,No Trades,,,,,,,,Raw
UNH_w.N,15-DEC-2000,,End Of Day,No Trades,,,,,,,,Raw
UNH_w.N,16-DEC-2000,,End Of Day,No Trades,,,,,,,,Raw
UNH_w.N,17-DEC-2000,,End Of Day,No Trades,,,,,,,,Raw
UNH_w.N,18-DEC-2000,,End Of Day,No Trades,,,,,,,,Raw
UNH_w.N,19-DEC-2000,,End Of Day,No Trades,,,,,,,,Raw
UNH.N,02-DEC-1999,,End Of Day,,52.5625,55,52.4375,54.5625,682200,,,Verified
UNH.N,03-DEC-1999,,End Of Day,,54.625,56.375,53.75,54.0625,685700,,,Verified
UNH.N,04-DEC-1999,,End Of Day,No Trades,,,,,,,,Verified
UNH.N,05-DEC-1999,,End Of Day,No Trades,,,,,,,,Verified
UNH.N,06-DEC-1999,,End Of Day,,53.875,54.4375,53.25,54.375,351400,,,Verified
UNH.N,07-DEC-1999,,End Of Day,,54.0625,54.125,51.625,52.4375,640600,,,Verified
UNH.N,08-DEC-1999,,End Of Day,,52.25,53.0625,51.8125,52.5625,563600,,,Verified
UNH.N,09-DEC-1999,,End Of Day,,53.5,53.9375,50.1875,50.5,544900,,,Verified
UNH.N,10-DEC-1999,,End Of Day,,50.625,51.8125,49.4375,50.9375,668200,,,Verified
UNH.N,11-DEC-1999,,End Of Day,No Trades,,,,,,,,Verified
UNH.N,12-DEC-1999,,End Of Day,No Trades,,,,,,,,Verified
UNH.N,13-DEC-1999,,End Of Day,,50.875,51.125,48.9375,50.5625,543500,,,Verified
UNH.N,14-DEC-1999,,End Of Day,,50.75,52.0625,50.3125,52,695700,,,Verified
UNH.N,15-DEC-1999,,End Of Day,,51.5625,52.875,50.25,52.875,532900,,,Verified
UNH.N,16-DEC-1999,,End Of Day,,51.875,52.6875,51.4375,51.5,969600,,,Verified
UNH.N,17-DEC-1999,,End Of Day,,51.75,52.0625,50.5,50.6875,989900,,,Verified
UNH.N,18-DEC-1999,,End Of Day,No Trades,,,,,,,,Verified
UNH.N,19-DEC-1999,,End Of Day,No Trades,,,,,,,,Verified
UNH.N,20-DEC-1999,,End Of Day,,50.5625,50.5625,49.0625,49.375,707400,,,Verified
UNH.N,21-DEC-1999,,End Of Day,,49.375,50,49.375,49.625,457200,,,Verified
GS.N,02-DEC-1999,,End Of Day,,76.25,77.625,76.25,77.5,399900,,,Verified
GS.N,03-DEC-1999,,End Of Day,,78.5,80.6875,78.375,79.0625,579400,,,Verified
GS.N,04-DEC-1999,,End Of Day,No Trades,,,,,,,,Verified
GS.N,05-DEC-1999,,End Of Day,No Trades,,,,,,,,Verified
GS.N,06-DEC-1999,,End Of Day,,79.1875,79.3125,76.5625,77,248100,,,Verified
GS.N,07-DEC-1999,,End Of Day,,77.25,80.9375,77.25,80.9375,827100,,,Verified
GS.N,08-DEC-1999,,End Of Day,,81.8125,81.8125,80,80,665900,,,Verified
GS.N,09-DEC-1999,,End Of Day,,80.75,82.25,79.75,80,855800,,,Verified
GS.N,10-DEC-1999,,End Of Day,,80,82.4375,79.5625,82,1150200,,,Verified
GS.N,11-DEC-1999,,End Of Day,No Trades,,,,,,,,Verified
GS.N,12-DEC-1999,,End Of Day,No Trades,,,,,,,,Verified
GS.N,13-DEC-1999,,End Of Day,,81.5,82.8125,81.125,82.0625,714000,,,Verified
GS.N,14-DEC-1999,,End Of Day,,81.4375,81.4375,77.8125,78.5,961700,,,Verified
GS.N,15-DEC-1999,,End Of Day,,77.75,79.5,77.75,79.4375,1036000,,,Verified
GS.N,16-DEC-1999,,End Of Day,,79.1875,79.5,77.8125,78.5625,269800,,,Verified
GS.N,17-DEC-1999,,End Of Day,,78.625,80.5625,78.4375,80.1875,493900,,,Verified
GS.N,18-DEC-1999,,End Of Day,No Trades,,,,,,,,Verified
GS.N,19-DEC-1999,,End Of Day,No Trades,,,,,,,,Verified
GS.N,20-DEC-1999,,End Of Day,,82,83.625,80.75,81.125,1127200,,,Verified
GS.N,21-DEC-1999,,End Of Day,,80.625,83,79.5,80.9375,1041600,,,Verified
NKE.N,02-DEC-1999,,End Of Day,,47.25,47.25,44.5,44.625,1262700,,,Verified
NKE.N,03-DEC-1999,,End Of Day,,45.1875,46.9375,45.1875,46.375,1327900,,,Verified
NKE.N,04-DEC-1999,,End Of Day,No Trades,,,,,,,,Verified
NKE.N,05-DEC-1999,,End Of Day,No Trades,,,,,,,,Verified
NKE.N,06-DEC-1999,,End Of Day,,46.25,47.625,45.5625,47.0625,795000,,,Verified
NKE.N,07-DEC-1999,,End Of Day,,46.375,46.875,45.75,46.4375,878200,,,Verified
NKE.N,08-DEC-1999,,End Of Day,,46.25,46.3125,44.6875,45,1738600,,,Verified
NKE.N,09-DEC-1999,,End Of Day,,45,46.25,45,45.75,616900,,,Verified
NKE.N,10-DEC-1999,,End Of Day,,45.75,45.75,44.1875,44.1875,1861700,,,Verified
NKE.N,11-DEC-1999,,End Of Day,No Trades,,,,,,,,Verified
NKE.N,12-DEC-1999,,End Of Day,No Trades,,,,,,,,Verified
NKE.N,13-DEC-1999,,End Of Day,,43.875,43.875,41.8125,42.3125,1158100,,,Verified
NKE.N,14-DEC-1999,,End Of Day,,42.125,42.125,39.8125,40.1875,2096200,,,Verified
NKE.N,15-DEC-1999,,End Of Day,,40.75,41.9375,40.625,41.875,1758300,,,Verified
NKE.N,16-DEC-1999,,End Of Day,,41.875,44,41.6875,43.6875,1126800,,,Verified
NKE.N,17-DEC-1999,,End Of Day,,49.75,55.875,49.4375,52.4375,4632100,,,Verified
NKE.N,18-DEC-1999,,End Of Day,No Trades,,,,,,,,Verified
NKE.N,19-DEC-1999,,End Of Day,No Trades,,,,,,,,Verified
NKE.N,20-DEC-1999,,End Of Day,,52.5,53.0625,50.3125,51.1875,1272100,,,Verified
NKE.N,21-DEC-1999,,End Of Day,,51,51,48.25,49.125,1076300,,,Verified
V.N,20-MAR-2008,,End Of Day,,58.75,65,57.5,64.35,15213700,,,Verified
V.N,21-MAR-2008,,End Of Day,No Trades,,,,,,,,Verified
V.N,22-MAR-2008,,End Of Day,No Trades,,,,,,,,Verified
V.N,23-MAR-2008,,End Of Day,No Trades,,,,,,,,Verified
V.N,24-MAR-2008,,End Of Day,,67,67.7,59,59.73,7784300,,,Verified
V.N,25-MAR-2008,,End Of Day,,60.02,64.25,60,63.25,4141500,,,Verified
V.N,26-MAR-2008,,End Of Day,,62.95,64.48,61.58,63.96,2882000,,,Verified
V.N,27-MAR-2008,,End Of Day,,64.05,64.72,62.66,62.91,2219500,,,Verified
V.N,28-MAR-2008,,End Of Day,,63.02,63.19,62.16,62.76,1587500,,,Verified
V.N,29-MAR-2008,,End Of Day,No Trades,,,,,,,,Verified
V.N,30-MAR-2008,,End Of Day,No Trades,,,,,,,,Verified
V.N,31-MAR-2008,,End Of Day,,62.7,63.48,62.05,62.36,1386000,,,Verified
V.N,01-APR-2008,,End Of Day,,63,63.68,60.36,61.61,3777600,,,Verified
V.N,02-APR-2008,,End Of Day,,61.89,62.32,60.5,62.32,2264200,,,Verified
V.N,03-APR-2008,,End Of Day,,62.3,66.26,62.08,65.5,9881200,,,Verified
V.N,04-APR-2008,,End Of Day,,65,65.3,63.75,64.48,2837900,,,Verified
V.N,05-APR-2008,,End Of Day,No Trades,,,,,,,,Verified
V.N,06-APR-2008,,End Of Day,No Trades,,,,,,,,Verified
V.N,07-APR-2008,,End Of Day,,65.02,65.8,64.02,65.04,1804100,,,Verified
V.N,08-APR-2008,,End Of Day,,65.2,68.24,65.05,68.09,4212200,,,Verified
AAPL.O,02-DEC-1999,,End Of Day,,103.125,110.625,101.75,110.1875,5065700,,,Verified
AAPL.O,03-DEC-1999,,End Of Day,,112.1875,115.5625,111.875,115,5785000,,,Verified
AAPL.O,04-DEC-1999,,End Of Day,No Trades,,,,,,,,Verified
AAPL.O,05-DEC-1999,,End Of Day,No Trades,,,,,,,,Verified
AAPL.O,06-DEC-1999,,End Of Day,,114.5625,117.3125,111.4375,116,4167700,,,Verified
AAPL.O,07-DEC-1999,,End Of Day,,116.5625,118,114,117.8125,3973400,,,Verified
AAPL.O,08-DEC-1999,,End Of Day,,116.25,117.875,109.5,110.0625,3681700,,,Verified
AAPL.O,09-DEC-1999,,End Of Day,,111,111,100.875,105.25,7635700,,,Verified
AAPL.O,10-DEC-1999,,End Of Day,,105.3125,109.25,99,103,5694300,,,Verified
AAPL.O,11-DEC-1999,,End Of Day,No Trades,,,,,,,,Verified
AAPL.O,12-DEC-1999,,End Of Day,No Trades,,,,,,,,Verified
AAPL.O,13-DEC-1999,,End Of Day,,102.39063,102.5,98.9375,99,4731800,,,Verified
AAPL.O,14-DEC-1999,,End Of Day,,98.375,99.75,94.75,94.875,3891700,,,Verified
AAPL.O,15-DEC-1999,,End Of Day,,93.25,97.25,91.0625,97,5562300,,,Verified
AAPL.O,16-DEC-1999,,End Of Day,,98,98.375,94,98.3125,4141300,,,Verified
AAPL.O,17-DEC-1999,,End Of Day,,100.875,102,98.5,100,4419700,,,Verified
AAPL.O,18-DEC-1999,,End Of Day,No Trades,,,,,,,,Verified
AAPL.O,19-DEC-1999,,End Of Day,No Trades,,,,,,,,Verified
AAPL.O,20-DEC-1999,,End Of Day,,99.5625,99.625,96.625,98,2535600,,,Verified
AAPL.O,21-DEC-1999,,End Of Day,,98.1875,103.0625,97.9375,102.5,2746400,,,Verified
AAPL.OQ,02-NOV-2001,,End Of Day,,18.52,18.86,18.16,18.57,3521500,,,Verified
AAPL.OQ,03-NOV-2001,,End Of Day,No Trades,,,,,,,,Verified
AAPL.OQ,04-NOV-2001,,End Of Day,No Trades,,,,,,,,Verified
AAPL.OQ,05-NOV-2001,,End Of Day,,18.84,19.25,18.61,19.07,4208500,,,Verified
AAPL.OQ,06-NOV-2001,,End Of Day,,18.96,19.62,18.53,19.57,5643200,,,Verified
AAPL.OQ,07-NOV-2001,,End Of Day,,19.46,20.13,19.331,19.59,6839100,,,Verified
AAPL.OQ,08-NOV-2001,,End Of Day,,19.63,19.896,18.57,18.71,6110700,,,Verified
AAPL.OQ,09-NOV-2001,,End Of Day,,18.6,19.25,18.55,18.71,2398100,,,Verified
AAPL.OQ,10-NOV-2001,,End Of Day,No Trades,,,,,,,,Verified
AAPL.OQ,11-NOV-2001,,End Of Day,No Trades,,,,,,,,Verified
AAPL.OQ,12-NOV-2001,,End Of Day,,18.66,19.17,17.96,18.75,3598200,,,Verified
AAPL.OQ,13-NOV-2001,,End Of Day,,19.08,19.39,18.71,19.37,4012400,,,Verified
AAPL.OQ,14-NOV-2001,,End Of Day,,19.59,19.9,19.15,19.61,3949300,,,Verified
AAPL.OQ,15-NOV-2001,,End Of Day,,19.45,19.9,19.23,19.45,3804100,,,Verified
AAPL.OQ,16-NOV-2001,,End Of Day,,19.279,19.29,18.4,18.97,4119000,,,Verified
AAPL.OQ,17-NOV-2001,,End Of Day,No Trades,,,,,,,,Verified
AAPL.OQ,18-NOV-2001,,End Of Day,No Trades,,,,,,,,Verified
AAPL.OQ,19-NOV-2001,,End Of Day,,19,20.05,18.96,20,5940600,,,Verified
AAPL.OQ,20-NOV-2001,,End Of Day,,19.82,20.2,19.5,19.53,4939000,,,Verified
AAPL.OQ,21-NOV-2001,,End Of Day,,19.61,19.8,19.26,19.68,3599700,,,Verified
